Mixture,B cells naive,B cells memory,Plasma cells,T cells CD8,T cells CD4 naive,T cells CD4 memory resting,T cells CD4 memory activated,T cells follicular helper,T cells regulatory (Tregs),T cells gamma delta,NK cells resting,NK cells activated,Monocytes,Macrophages M0,Macrophages M1,Macrophages M2,Dendritic cells resting,Dendritic cells activated,Mast cells resting,Mast cells activated,Eosinophils,Neutrophils,P-value,Correlation,RMSE
500446,0.022528733,0.009179891,0.014179796,0.1548803,0.081101854,0.167551707,0,0,0.014128577,0,0.041135663,0.039198934,0.011414093,0,0,0.009837511,0,0.003533822,0.01821563,0,0,0.413113489,0,0.920376888,0.484214734
500665,0.052350216,0.004035534,0.019027211,0.110933067,0.089496952,0.177285452,0,0,0.0187903,0,0.088318211,0.016093099,0.080525569,0.016185201,0,0.003557196,0,0.000844955,0.009974676,0,0,0.312582361,0,0.89444222,0.552832254
502512,0.045746444,0.010315105,0.020008748,0.106377868,0.081937531,0.141165246,0,0,0.020611165,0,0.054202286,0.015673585,0.081933013,0,0,0.009390722,0,0.001007474,0.008169253,0,0,0.40346156,0,0.926946406,0.479047664
501785,0.035514559,0.012269853,0.01794913,0.11657138,0.001538447,0.102168956,0.002955172,0,0.043234149,0,0.041519993,0.045991657,0.046059203,0,0,0.010097306,0,0.000107878,0.029148457,0,0,0.494873859,0,0.908140777,0.471217505
502257,0.065684155,0.012778965,0.023896671,0.148790908,0.029936224,0.177304891,0,0,0.043444242,0,0.108055171,0.034892702,0.039662684,0,0,0.015308544,0,0,0.020477068,0,0,0.279767775,0,0.893794525,0.565295832
502449,0.114264388,0.003087172,0.022020968,0.186402745,0.033855083,0.170189643,0,0,0.014928664,0,0.037193235,0.059526769,0.024831885,0,0,0.013984581,0,0,0.020719385,0,0,0.298995483,0,0.902229475,0.553613979
503322,0.079889925,0,0.027733118,0.131478724,0.059850706,0.158287938,0.004645821,0,0.006780962,0,0.09895438,0.037691977,0.083480437,0.001072234,0,0.014485243,0,0.001180334,0.012805124,0,0,0.281663076,0,0.899571492,0.560833642
502942,0.13090893,0,0.04176691,0.126115994,0.032282273,0.259848303,0,0,0.016004438,0,0.044661932,0.003305402,0.04310023,0,0,0.007047427,0,0.003074763,0.010328154,0,0,0.281555245,0,0.898393436,0.561670755
503562,0.060759593,0,0.022798008,0.121673474,0.017206995,0.154444589,0,0,0.008512969,0,0.047630873,0.049255405,0.041307435,0,0,0.01098953,0,0.010233388,0.037443516,0,0,0.417744225,0,0.87161672,0.549496093
505106,0.044786267,0,0.015562784,0.118166381,0.031522195,0.086956942,0,0,0.0235797,0,0.022310631,0.034720578,0.022564987,0.008103486,0,0,0,0,0.010371828,0,0,0.581354222,0,0.931153126,0.398672276
505431,0.067736768,0.001208228,0.007877727,0.080697642,0.061639847,0.143694647,0,0,0.006693109,0,0.052484928,0.017289477,0.038539598,0,0,0.021444882,0,0.002122892,0.025999591,0,0,0.472570664,0,0.903333432,0.487156628
506254,0.068423261,0,0.022078215,0.094603372,0.078995351,0.158821518,0,0,0.006911534,0,0.02578511,0.028272693,0.028276521,0,0,0.010728492,0,0.003117884,0.010827142,0,0,0.463158904,0,0.933058346,0.448327033
506315,0.054263918,0.008551056,0.0235705,0.180646841,0.049932045,0.131490438,0,0,0.031062555,0,0.053766031,0.044318521,0.041309785,0,0,0.000240253,0,0.004818504,0.017331834,0,0,0.358697717,0,0.904073126,0.527743249
506539,0.073851922,0,0.019000461,0.099958237,0.137917377,0.158690206,0.017464294,0,0.00496804,0,0.077860625,0.017355778,0.067381956,0,0,0.005157129,0,0.002105271,0.010996744,0,0,0.30729196,0,0.902118306,0.549229863
506546,0.107583296,0.01612924,0.040186972,0.165635124,0.024544658,0.136378051,0,0,0.035743943,0,0.058024578,0.106290262,0.041106684,0,0,0.00845597,0,0.004774814,0.008240899,0,0,0.24690551,0,0.870064455,0.595432978
508635,0.06834864,0.017967126,0.018521459,0.111480514,0.058202914,0.202117013,0,0,0.018760167,0,0.035233988,0.022186128,0.029945397,0,0,0.003744573,0,0.000576549,0,0,0,0.412915534,0,0.905049345,0.505656176
506982,0.044529171,0.004084576,0.023802973,0.094647122,0.084915753,0.215010092,0,0,0.02816142,0,0.097643184,0.05263253,0.025735704,0,0,0.013445578,0,0.00382116,0.001791582,0,0,0.309779154,0,0.888663072,0.556497234
507401,0.030908811,0.010749716,0.016191458,0.131472122,0.064590681,0.146883479,1.72377931695373e-05,0,0,0,0.097709505,0.045824706,0,0,0,0.011333004,0,0.010366331,0.026879251,0,0,0.407073698,0,0.879037437,0.540552334
508935,0.072652945,0.007390866,0.022703145,0.126701847,0.050139236,0.167929769,0,0,0.010975238,0,0.004865661,0.042041327,0.080366789,0,0,0.022605938,0,0.002909448,0.023881318,0,0,0.364836473,0,0.923859051,0.507583238
508945,0.030580437,0.005678246,0.005417343,0.095454629,0.024692597,0.093737568,0,0,0.022104773,0,0.035713912,0.048477468,0,0,0,0,0,0.004824142,0,0.013478544,0,0.619840342,0,0.934475977,0.381027674
509597,0.053257225,0.007769308,0.016764992,0.115020494,0.046552521,0.129566369,0,0,0,0,0.08629769,0.044191621,0.083763448,0,0,0.022626685,0,0,0.036703282,0,0,0.357486364,0,0.924765737,0.507516825
509117,0.070237634,0.004998348,0.025079674,0.13866482,0.074580719,0.208652509,0,0,0.014557517,0,0.025202129,0.030770627,0.059580679,0,0,0.013351106,0,0,0.018530558,0,0,0.31579368,0,0.85725517,0.591268339
509217,0.025744215,0.015394226,0.016624509,0.101327285,0.044395153,0.144665701,0.016106225,0,0.012758506,0,0.039370129,0.021524143,0,0,0,0.007714181,0,0.002960005,0.030337562,0,0,0.521078161,0,0.918212888,0.44894254
512317,0.055252468,0.017214927,0.021719471,0.079733121,0,0.120635458,0,0,0.035738881,0,0.016993085,0.032855484,0.048179691,0,0,0.001342055,0,0.001060606,0.0193022,0,0,0.549972554,0,0.915791101,0.437749363
512981,0.09202995,0,0.016822599,0.11056779,0.05583082,0.163433039,0,0,0.018171041,0,0.019319014,0.044183912,0.063434941,0,0,0.010868591,0,0.001645713,0.013101724,0,0,0.390590864,0,0.905845659,0.515985726
513128,0.108631899,0,0.024753454,0.11001957,0.085699188,0.164467518,0,0,0.031255611,0,0.013993403,0.030946218,0.057028108,0.013905169,0,0.016315674,0,0,0.022304873,0,0,0.320679316,0,0.902185161,0.551689992
512307,0.090515312,0,0.02694367,0.14976877,0.066969218,0.209550169,0,0,0.004145248,0,0.008408396,0.059996928,0.066423331,0,0,0.004545278,0,0,0.02264079,0,0,0.290092889,0,0.889805412,0.568124179
512974,0.049183822,0,0.017429973,0.077288755,0.04603111,0.124989877,0,0,0.020746956,0,0.06938787,0.011127075,0.076962869,0.000836812,0,0,0,0.001492222,0.011226335,0,0,0.493296324,0,0.939683107,0.415765707
512636,0.070712943,0,0.008926577,0.103910754,0.077982559,0.124686805,0,0,0.01187373,0,0.024043944,0.041037459,0.010772119,0,0,0.020477071,0,0.002930208,0.015615944,0,0,0.487029889,0,0.911165451,0.471927122
512723,0.066711001,0.02701005,0.026435165,0.09820364,0.030575091,0.157628138,0.017725582,0,0.014604228,0,0.144251075,0,0.0153184,0,0,0,0,0.006633204,0.028094342,0,0,0.366810082,0,0.882944472,0.554715647
513509,0.055198785,0.014223241,0.019557682,0.092947922,0.028878957,0.126624789,0,0,0.023654897,0,0.023371386,0.028985442,0.028776117,0,0,0.010981092,0,0,0.008567897,0,0,0.538231793,0,0.912056699,0.449106624
515221,0.127872502,0,0.020363361,0.115468963,0.001680392,0.169945434,0,0,0.010787178,0,0.01082504,0.037261382,0.076288708,0,0,0.014689606,0,0.002591746,0.013481664,0,0,0.398744026,0,0.91424105,0.502180955
515369,0.13712943,0,0.031883737,0.184887741,0,0.125264404,0,0,0,0,0.13169088,0.0687494,0.044590186,0,0,0.003007312,0,0.002211277,0.017280637,0,0,0.253304994,0,0.900123209,0.557042157
515914,0.034430616,0,0.019443341,0.140503942,0.117796893,0.19056065,0,0,0.014311329,0,0.069238388,0.016682834,0.025784884,0,0,0.007547129,0,0.001541833,0.01166977,0,0,0.35048839,0,0.909183052,0.518090704
516758,0.052100525,0.015307126,0.021399438,0.163192697,0.018062959,0.090747179,0,0,0.056019271,0,0.100873748,0.044175933,0.075518981,0,0,0,0,0.003652123,0,0,0,0.35895002,0,0.85941751,0.571767315
515440,0.175943116,0.001875932,0.044186557,0.190805265,0,0.291940241,0,0,0.01125565,0,0.033627326,0.038355545,0.06802001,0,0,0,0,0.000351051,0.026171161,0,0,0.117468147,0,0.83081858,0.639084225
516941,0.108084151,0,0.034368299,0.116730366,0,0.151349436,0,0,0.019104928,0,0.093164826,0.034508556,0.050997815,0,0,0,0,0.004019077,0.024963002,0,0,0.362709542,0,0.870704168,0.567112175
517317,0.149105273,0.027172927,0.045585384,0.115597999,0,0.139747439,0.016505733,0,0.012377594,0.006912174,0.04392289,0.068846642,0,0,0,0,0,0.000379424,0.016999671,0,0,0.356846852,0,0.708983783,0.71680623
518662,0.012592192,0.012144929,0.012112764,0.136692421,0.002961553,0.09455436,0.010308667,0,0.052943168,0,0.030313166,0.029508029,0.025010135,0,0,0.000415406,0,0.000481005,0.036880745,0,0,0.543081461,0,0.914007732,0.444289137
517263,0.060164497,0,0.009792672,0.066382771,0.047164294,0.126890754,0,0,0.016914824,0,0.044140773,0.014864992,0,0,0,0.010422877,0,0.003157461,0.013495218,0,0,0.586608866,0,0.942979742,0.375653561
519786,0.066892989,0,0.028910761,0.105871679,0,0.160976937,0,0,0.015053727,0,0.082849362,0.051829675,0.02192381,0,0,0.008167751,0,0.008695695,0.03426976,0,0,0.414557854,0,0.893947051,0.525019539
517721,0.03564435,0,0.025520766,0.276391998,0,0.1535094,0.018245807,0,0.029984661,0,0.064544509,0.100509667,0,0,0,0.004955118,0,0.004770123,0,0.016549066,0.040618213,0.228756322,0,0.714160231,0.716586768
519831,0.064489997,0.015702246,0.02727476,0.111640822,0,0.17949691,0.021070468,0,0,0,0.139281359,0.056670467,0.046589782,0,0,0,0,0.008086847,0.015086717,0,0,0.314609626,0,0.819807035,0.624256101
520823,0.080299921,0,0.022232437,0.126188345,0.085853199,0.162045392,0.00178866,0,0.017296293,0,0.107597383,0.028607303,0.010935909,0,0,0.009034773,0,0.002272351,0.012222869,0,0,0.333625166,0,0.916668171,0.522938823
520638,0.058452492,0.059235617,0.032260586,0.149645467,0,0.200355027,0,0,0.0263416,0,0.039006177,0.091302201,0.129363444,0,0,0.000820416,0,0.002757055,0.0171939,0,0,0.193266018,0,0.778589461,0.683643412
521605,0.104247054,0,0.026909869,0.202183459,0.002896974,0.167812321,0.022280301,0,0.017874034,0,0.080996639,0,0.076704375,0,0,0.003273458,0,0.00688209,0.011480834,0,0,0.276458593,0,0.86910168,0.591236311
522062,0.033186572,0.019357908,0.017556264,0.099570802,0.020925169,0.137481461,0.002890359,0,0.015551661,0,0.053189766,0.028029635,0.039741305,0,0,0.002594344,0,0.006597075,0.02343911,0,0,0.49988857,0,0.930105561,0.435364535
522998,0.109188036,0,0.028476392,0.122671931,0.045302814,0.170893073,0,0,0.033148496,0,0.014442822,0.060292098,0.049472171,0,0,0.018320103,0,0,0.031442823,0,0,0.316349242,0,0.902272457,0.556053673
522729,0.026423238,0.029600909,0.018713343,0.194666826,0,0.077392644,0,0,0.041776858,0,0.034435605,0.076116798,0.029153042,0,0,0.006528457,0,0.002122265,0.019471056,0,0,0.44359896,0,0.883601998,0.522442539
551341,0.071158871,0.005545003,0.019421724,0.093310249,0.0161872,0.155627728,0,0,0.024769153,0,0.036488343,0.015315988,0.073715245,0,0,0.00630803,0,0.002165059,0.01273154,0,0,0.467255867,0,0.945915007,0.422037392
525449,0.020174224,0.016446033,0.011899583,0.089235612,0.097248927,0.127495297,0.020293739,0,0.000454233,0,0.019010336,0.024615988,0.024360616,0,0,0.021590687,0,0.003039328,0.034383128,0,0,0.48975227,0,0.906957347,0.476495251
524656,0.040263659,0.005848624,0.019080106,0.140741753,0,0.184362693,0,0,0.031093898,0,0.039323469,0.06530761,0.04943255,0,0,0,0,0.007584722,0.028024125,0,0,0.388936792,0,0.889216505,0.535352778
525850,0.077410195,0.006700809,0.025655977,0.072623405,0,0.110702043,0,0,0.044226292,0,0.027176007,0.051097612,0.052770907,0,0,0,0,0.006154282,0.027055356,0,0,0.498427117,0,0.900931441,0.481648446
526034,0.012650429,0.022707627,0.004031319,0.065529797,0,0.023965373,0,0,0.024176706,0,0,0.054423009,0,0,0,0,0,0.013849898,0,0.000697627,0,0.777968215,0,0.924266556,0.395655989
524641,0.020735743,0.029702293,0.021993523,0.125710388,0,0.068410196,0,0,0.02639875,0,0.020009195,0.054289573,0.06482346,0,0,0,0,0.009479671,0.021293849,0,0,0.53715336,0,0.921143498,0.431603188
501474,0.043549043,0.007581057,0.016722783,0.108465938,0.05316208,0.165076683,0,0,0.022908082,0,0.078752689,0.032755004,0.032418412,0,0,0.007693139,0,0.001606411,0.030489308,0,0,0.398819372,0,0.935062656,0.476760829
500566,0.001554776,0.016268532,0.006625676,0.118144601,0.006566451,0.067200151,0.009633612,0,0.02450838,0,0.04123303,0.052153235,0,0,0,0.004296346,0,0.002788056,0,0.003674537,0,0.645352616,0,0.926364144,0.391320047
500826,0.081379549,0.005257499,0.024112255,0.088292391,0.062590154,0.148789886,0,0,0.022001233,0,0.049307691,0.008663515,0.031076606,0,0,0.008184044,0,0,0.018959171,0,0,0.451386005,0,0.901084033,0.49957786
500884,0.075624826,0,0.022558523,0.084074377,0.074908357,0.147873741,0,0,0.008158322,0,0.058941194,0.031310048,0.030143286,0,0,0.006722152,0,0.001087701,0.010560747,0,0,0.448036725,0,0.934596369,0.453778192
502031,0.028769134,0.009497439,0.012657071,0.070954316,0,0.027127365,0.010017158,0,0.027105648,0,0.125671328,0.03732175,0.038183486,0.004763765,0,0,0,0.002189166,0,0,0,0.605742376,0,0.880343603,0.482518065
500513,0.104428813,0,0.032475579,0.120105863,0.09198375,0.115652195,0,0,0.013501763,0,0.068104702,0.000757099,0.049449858,0,0,0.015836543,0,0,0.035977778,0,0,0.351726057,0,0.855851232,0.588135986
502068,0.056325365,0,0.009394427,0.149393341,0.120523009,0.178109805,0,0,0.020610912,0,0.017788056,0.031243412,0.060912761,0.001631575,0,0,0,0.002544223,0.018381076,0,0,0.333142037,0,0.872655347,0.564879726
502928,0.0478986,0.016380468,0.034596701,0.184328254,0,0.130775314,0.002545108,0,0.059338645,0,0.019590639,0.059772765,0.061356905,0,0,0,0,0.001528994,0.013830226,0,0,0.368057381,0,0.877156757,0.555919021
503467,0.104054186,0.031029175,0.034721718,0.073843017,0,0.144796432,0,0,0.033906283,0,0.027083601,0.010814288,0.070375837,0,0,0.00181331,0,0.004404119,0.018053764,0,0,0.445104269,0,0.840533608,0.573633547
503703,0.102546427,0,0.027365333,0.168214267,0,0.194319221,5.08522409232506e-05,0,0.003907319,0,0.146123336,0.030332343,0.00126651,0,0,0.003338326,0,0.002781614,0.001543415,0,0,0.318211037,0,0.91736202,0.518047267
504141,0.024990203,0.006951431,0.011412754,0.155045721,0.016220661,0.270137508,0,0,0.016175532,0,0.064998531,0.094334698,0.031119269,0,0,0.006167872,0,0.003454242,0.010370998,0,0,0.288620581,0,0.885029487,0.556410989
504779,0.103310612,0.025502615,0.017196059,0.151391768,0,0.197728033,0.007802565,0,0,0,0.059857505,0.033579261,0,0,0,0.003352215,0,0.00287583,0.01732272,0,0,0.380080817,0,0.862822402,0.569969672
504999,0.046192099,0,0.014044692,0.121948425,0.027415738,0.118377841,0,0,0.025247676,0,0.079599386,0.033911383,0.087346478,0.002536171,0,0.001862894,0,0.000707702,0.020862939,0,0,0.419946575,0,0.926193225,0.470901382
503938,0.051902479,0,0.013816711,0.149368347,0.102847189,0.095953513,0,0,0.033344407,0,0,0.056768473,0.076219929,0,0,0.0020572,0,0.00013395,0.029156286,0,0,0.388431515,0,0.903769526,0.516142553
504024,0.054337253,0,0.020908345,0.151338564,0.090814097,0.194568477,0,0,0.010955127,0,0.019763783,0.035353268,0.056145759,0,0,0.010163523,0,0.004188609,0.002757152,0,0,0.348706044,0,0.926122706,0.501487392
503688,0.142896835,0,0.023607393,0.102269135,0.041924863,0.148727983,0.004132641,0,0.00761689,0,0.070862512,0.001758876,0.064786622,0,0,0.007303046,0,0.000643585,0.017382608,0,0,0.366087009,0,0.928592715,0.500484582
503869,0.077918059,0,0.010545647,0.113847372,0,0.093673547,0,0,0.026263221,0,0.061032149,0.035160265,0.096575368,0.017814066,0,0,0,0.001132806,0.016693427,0,0,0.449344071,0,0.903697784,0.489076896
504526,0.037728981,0,0.012246363,0.108809106,0.083097571,0.160089378,0,0,0.031849218,0,0.102565693,0.033498526,0.060046786,0.003511151,0,0.001447282,0,0.001568855,0.000892809,0,0,0.362648281,0,0.899700178,0.524040381
504792,0.069916204,0,0.025292178,0.139284969,0.078514924,0.119410172,0,0,0.014035902,0,0.054754844,0.026345148,0.031214948,0,0,0.0194021,0,0.004898505,0.035161794,0,0,0.381768311,0,0.91472561,0.514491361
505984,0.070675589,0,0.02072756,0.133735134,0.04499246,0.107909085,0,0,0.02919146,0,0.089075992,0.018577149,0.003142029,0.000496889,0,0.002254496,0,0.002047916,0,0.018216752,0,0.458957491,0,0.92676177,0.460710791
505187,0.067587065,0,0.029030857,0.15324338,0.07669731,0.171758901,0,0,0.033829979,0,0.010399218,0.057222985,0.042559031,0,0,0.005071877,0,4.99983642174331e-05,0.022546416,0,0,0.330002983,0,0.891574199,0.553677122
503159,0.066854602,0.009247935,0.023241417,0.163794528,0.049530241,0.201450405,0.002909664,0,0.012116419,0,0.10282,0.058850769,0.052275294,0,0,0,0,0.008182633,0.015141468,0,0,0.233584625,0,0.896894615,0.566628856
505517,0.09857514,0,0.026830623,0.139925853,0.030718564,0.10561667,0,0,0.024362296,0,0.076380117,0.020415571,0.036717191,0,0,0,0,0.00254142,0.016275444,0,0,0.421641111,0,0.932650635,0.469355233
506859,0.080108815,0,0.024202249,0.156903831,0,0.131724621,0.042602726,0,0.018127207,0,0.04420413,0.100362896,0,0,0.005781838,0.006115997,0,0.003509296,0,0.003247595,0.023678973,0.359429826,0,0.884387187,0.554335071
503965,0.074028943,0.02906094,0.049365499,0.106754766,0.037095716,0.071117634,0.016585847,0,0.050126149,0.00107804,0,0.167408126,0.052405459,0,0.020415326,0.00246869,0,0.009207128,0.025977542,0,0.025222808,0.261681388,0,0.81727815,0.651229732
507592,0.053376834,0.002747877,0.012471754,0.065104755,0.019649073,0.105538636,0,0,0.005545317,0,0.090029996,0.032820642,0.032598652,0.00899649,0,0.021885597,0,0.001593242,0.012088511,0,0,0.535552626,0,0.887886694,0.48645889
508119,0.012955011,0.012886167,0.019603865,0.094455435,0.023286626,0.175054543,0.004280726,0,0.009259224,0,0.028230863,0.050466965,0.013934101,0,0,0.010345926,0,0.009665721,0.02608,0,0,0.509494826,0,0.926972154,0.438346315
507056,0.034325778,0.01202624,0.016646957,0.141917062,0,0.107446612,0.008560419,0,0.024476474,0,0.081741914,0.031139897,0.043724752,0,0,0.001658323,0,0.0008471,0.012031944,0,0,0.48345653,0,0.909493136,0.470409493
506190,0.043505468,0.009238452,0.024632688,0.176668981,0.063941389,0.190757429,0,0,0.011398593,0,0.06063329,0.087896209,0.038059821,0,0,0.008928135,0,0.003940791,0.020530327,0,0,0.259868428,0,0.90992401,0.547631699
507464,0.119057779,0,0.020568991,0.135761531,0.033644684,0.18024913,0,0,0.013228169,0,0.14097286,0,0.085601921,0,0,0.003874524,0,0,0.012450721,0,0.004741314,0.249848376,0,0.912107658,0.554835117
508253,0.052065799,0,0.019636126,0.121589514,0.074873261,0.153697027,0,0,0.016509037,0,0.067799686,0.056682395,0.01190919,0,0,0.004473168,0,0.008267812,0.011353129,0,0,0.401143856,0,0.917896392,0.49546249
507312,0.113221255,0,0.033918494,0.171955777,0.052843751,0.187877708,0.003878383,0,0.011917854,0,0.082438816,0.023920537,0.042027623,0,0,0.002910922,0,0.000958603,0.013382399,0,0,0.258747876,0,0.886548433,0.576423807
506931,0.065864493,0,0.013883696,0.133695967,0.074966693,0.162715134,0,0,0.002438753,0,0.032871396,0.038561815,0.067329436,0.012696151,0,0.00668267,0,0,0.019705933,0,0,0.368587861,0,0.854734529,0.578074223
508099,0.109710192,0,0.017901892,0.112816286,0.059249504,0.110204616,0,0,0.033895557,0,0.048814152,0.021274585,0.046819743,0.007331728,0,0.005350841,0,0.000765853,0.01605705,0,0,0.409808001,0,0.921092846,0.490862908
508973,0.110916731,0,0.025788604,0.136061715,0.006808639,0.155831555,0,0,0.020420998,0,0.080744391,0.080755815,0.077561666,0,0,0,0,0.002156207,0.0176014,0,0,0.28535228,0,0.912043415,0.545520987
510106,0.061114413,0,0.019047275,0.176892619,0.03798719,0.151679333,0,0,0.051906527,0,0.089681344,0.041041664,0.071608649,0,0,0,0,0.001614109,0.014285128,0,0,0.283141748,0,0.898321774,0.553750224
509567,0.078215227,0,0.027868957,0.13459924,0.0752198,0.121336473,0.012242272,0,0.010492055,0,0.07295902,0.039589751,0.081341368,0,0,0.0190119,0,0.000559312,0.006459009,0,0,0.320105615,0,0.910703868,0.53791837
508695,0.026697923,0,0.011675594,0.144366759,0.025165212,0.096471431,0,0,0.028078599,0,0.049940813,0.051541529,0.079377547,0,0,0.001511827,0,0,0.01002838,0,0,0.475144385,0,0.939959397,0.421018421
508115,0.115942949,0.023749628,0.031825541,0.147135001,0.000503443,0.176222033,0.024617632,0,0.00733803,0,0.126714289,0,0.048371262,0,0,0.001218793,0,0.001601136,0.023357793,0,0,0.271402471,0,0.867161352,0.597731589
510414,0.033590539,0.017117893,0.022510333,0.084309969,0.012648025,0.152031334,0.015148853,0,0.008293734,0,0.05621373,0.04425101,0.00939379,0,0,0.013062121,0,0.002423491,0.013667902,0,0.002840933,0.51249634,0,0.921199723,0.447107049
510347,0.070722718,0,0.021278648,0.055429001,0.022757778,0.123212579,0,0,0.014515053,0,0.079905124,0.025539237,0.067552786,0,0,0,0,0.003076642,0.010313097,0,0,0.505697337,0,0.945180041,0.402355836
512077,0.068026137,0.000497937,0.022890011,0.151706817,0.063697312,0.143788895,0,0,0.020166871,0,0.111637992,0.030577468,0.039891317,0.009597999,0,0,0,0.002524758,0.005733515,0,0,0.32926297,0,0.851068381,0.589528108
510642,0.039024865,0.045813916,0.035804657,0.202695711,0.017594258,0.201077409,0.019930804,0,0.013541171,0,0.05119742,0.027465245,0.03167497,0,0,0.00456395,0,0.003071541,0.027605667,0,0,0.278938416,0,0.825285586,0.631035168
512763,0.050074604,0.001022014,0.019953868,0.155993574,0,0.154499804,0,0,0.048931407,0,0.01815597,0.022197732,0.018190976,0,0,0.005553386,0,0.004153924,0.009949524,0,0,0.491323216,0,0.927188126,0.44364427
513160,0.046525615,0,0.015761937,0.058613284,0.024688104,0.18085708,0.021032979,0,0,0,0.129886321,0,0,0,0,0.001474343,0,0.010103287,0.022886162,0,0,0.488170887,0,0.94705772,0.416459943
513021,0.061441389,0.01036718,0.025173135,0.198232957,1.99570406523694e-05,0.126013254,0.011292053,0,0.057952344,0,0.035710577,0.071171565,0.057357098,0,0,0,0,0.002198754,0.003373543,0,0,0.339696193,0,0.861090341,0.578602082
512788,0.057646404,0.002589612,0.016889304,0.152603619,0.003055074,0.14055847,0,0,0.006367872,0,0.028331708,0.046319697,0.013325994,0,0,0.008132968,0,0.003441635,0,0,0,0.520737644,0,0.951863258,0.386966686
551294,0.022121582,0.019043646,0.004685824,0.090478067,0.046577123,0.083176925,0,0,0.021765663,0,0.008800219,0.038766114,0.022653413,0,0,0,0,0.006014655,0.008650784,0,0,0.627265983,0,0.947163426,0.34778135
515048,0.041743274,0,0.014419954,0.178885194,0.005625432,0.178519993,0.003701211,0,0.016365002,0,0.017721672,0.120405929,0.00236612,0,0.000720987,0,0,0.00199155,0,0.020128681,0,0.397405002,0,0.910979141,0.501240292
515452,0.04614225,0,0.013114911,0.184296045,0.04732705,0.187241772,0.04114924,0,0.011181567,0,0.122566575,0.009850247,0.035589289,0,0,0.013538637,0,0,0.025031243,0,0,0.262971175,0,0.881697406,0.576154912
516817,0.051130896,0,0.022802126,0.063478517,0.068210752,0.15134982,0,0,0.003183593,0,0.041407638,0.017397226,0.100524785,0,0,0.007200246,0,0.001072528,0.018232728,0,0,0.454009145,0,0.916055638,0.469631229
516467,0.045762437,0.005709856,0.059744654,0.087973006,0,0.081005798,0.001431963,0,0.056144023,0,0,0.027095447,0.054727734,0.001933136,0,0,0,0.010517139,0.029999231,0,0,0.537955576,0,0.666782909,0.749429615
518265,0.085858337,0.00651794,0.029606117,0.131774412,0.102122933,0.217892481,0,0,0.017407909,0,0.024725009,0.02782885,0.076497364,0,0,0,0,0.00231547,0.026906251,0,0,0.250546927,0,0.898584549,0.570234634
516877,0.021389284,0.013700875,0.010941854,0.127283567,0.014259981,0.084251749,0,0,0.043414114,0,0.034090274,0.017840697,0.096093848,0.002920765,0,0,0,0.00055711,0.008028462,0,0,0.525227419,0,0.916376558,0.437809174
516539,0.080221889,0.012362241,0.028732164,0.099479226,0.065571969,0.17796961,0,0,0.024325833,0,0.021425798,0.006684098,0.028386634,0,0,0.015443417,0,0.008645648,0.032301051,0,0,0.398450419,0,0.908854396,0.515094572
518067,0.055982088,0,0.023316665,0.12258702,0.064458166,0.132137107,0.003374113,0,0.017474907,0,0.052662417,0.044879379,0.047291012,0.008973692,0,0.000802314,0,0.00169931,0.006136374,0,0,0.418225436,0,0.939813012,0.457697016
518240,0.124551421,0.014943914,0.038304027,0.238077519,0.012540473,0.201515168,0,0,0.052804787,0,0.040537252,0.036583328,0.057251582,0,0,0,0,0.00026326,0.022586816,0,0,0.160040453,0,0.856488633,0.615343673
518116,0.076910023,0,0.022003011,0.090253499,0.07860681,0.226248579,0,0,0.017588517,0,0.03518874,0.015276983,0.060784006,0,0,0.011379964,0,0.003037026,0.012159925,0,0,0.350562917,0,0.90864015,0.526746063
518717,0.060329654,0,0.016999932,0.116148694,0.076076198,0.218855396,0,0,0,0,0.054881635,0.029595805,0.064186947,0.010945275,0,0,0,0,0.008339242,0,0,0.343641222,0,0.898461449,0.536130853
518885,0.030373408,0.011493674,0.015175166,0.200395319,0,0.129500362,0,0,0.053001126,0,0.041448221,0.071252682,0.019988382,0,0,0.004458509,0,0.001523962,0.021286769,0,0,0.400102421,0,0.901900506,0.513022394
520705,0.059735978,0,0.02848616,0.21299681,0,0.128443588,0.003081066,0,0.036828882,0,0.101984392,0.121898038,0.055061656,0,0,0.001648111,0,0.000585693,0.006802118,0,0,0.242447508,0,0.871298478,0.575882653
521273,0.043877368,0.001441941,0.022446366,0.113786378,0.013688187,0.14027985,0,0,0.038662375,0,0.070698495,0.044312764,0.007848563,0,0,0.00352985,0,0.002684119,0.024467327,0,0,0.472276416,0,0.851881826,0.554945815
521468,0.025140327,0.005690932,0.008592281,0.06463775,0.019718305,0.118041421,0,0,0.011197022,0,0.028636864,0.029452762,0.012680696,0.002710834,0,0.012646208,0,0.003015796,0,0,0,0.657838802,0,0.923835107,0.393597133
524628,0.01628869,0.016918599,0.011532075,0.082707642,0.032311708,0.094873013,0,0,0.01427672,0,0.028160683,0.02060705,0.047580746,0,0,0,0,0.006581018,0.034733442,0,0,0.593428614,0,0.936957762,0.38058847
318518,0.060106924,0.010226962,0.014210811,0.144776789,0.137198804,0.187681094,0,0,0.008717322,0,0.049603379,0.017831723,0.033904159,0.007635562,0,0.011042287,0,0.002245629,0.005541155,0,0,0.309277401,0,0.903695884,0.540012593
526513,0.069874802,0.001336103,0.01867491,0.082025767,0.003101018,0.148527479,0,0,0.063256911,0,0.015657168,0.070998898,0.016220444,0.00405703,0,0,0,0.001941712,0.00897363,0,0,0.495354129,0,0.87153784,0.52434292
526075,0.080892155,0.002134151,0.02666934,0.161731318,0.012186797,0.131475502,0,0,0.01502106,0,0.044263509,0.025519336,0.073545472,0,0,0.00887665,0,0.00329265,0.01424461,0,0,0.40014745,0,0.919298926,0.49383317
526745,0.039590863,0.01942642,0.024291122,0.193682447,0,0.128092532,0,0,0.059496399,0,0.035883626,0.058269968,0.016030592,0,0,0.003018922,0,0.003181375,0.014751922,0,0,0.404283815,0,0.868453975,0.553698133
525886,0.074330382,0,0.010385842,0.075407678,0.045649851,0.067648184,0.004148968,0,0.014419032,0,0.046721683,0.024271351,0.03304421,0,0,0.000476799,0,0.001255621,0.029541108,0,0,0.572699291,0,0.93254062,0.39964724
525911,0.075702715,0,0.017224962,0.135833593,0.022931652,0.059138998,0.005529807,0,0.004433257,0,0.101992901,0.012289368,0.022683737,0.009091909,0,0.012460693,0,0.000804361,0.006877408,0,0,0.51300464,0,0.919673276,0.44503384
527258,0.075169248,0,0.023854772,0.114393442,0.079977183,0.124241245,0.00051583,0,0.01242518,0,0.079023603,0.028862777,0.02369137,0,0,0.007782328,0,0.007799856,0.028081569,0,0,0.394181596,0,0.923681835,0.497183248
500133,0.039442939,0.016863502,0.030995591,0.134814865,0.035745795,0.193277361,0,0,0.037805401,0,0.056462554,0.001240615,0.041364682,0.001266244,0,0,0,0.0023413,0.016292532,0,0,0.392086618,0,0.901860086,0.518487567
500210,0.023618715,0.019852105,0.018444871,0.107734828,0.006498948,0.127090428,0,0,0.03141098,0,0.006571796,0.045148717,0.027311541,0,0,0,0,0.004072432,0.021035173,0,0,0.561209466,0,0.922998992,0.422422907
500190,0.02722046,0.02194622,0.017633987,0.135217493,0.080862153,0.211291639,0,0,0.01554044,0,0.023378317,0.023919821,0.046238135,0,0,0.009107554,0,0.000165143,0.000550685,0,0,0.386927953,0,0.91457498,0.498772538
501031,0.082737162,0.007393782,0.035717254,0.081604718,0.040918184,0.160285709,0,0,0.036212545,0,0.036083154,0.018409236,0.046658739,0,0,0,0,0.001004062,0.027049885,0,0,0.42592557,0,0.850172728,0.570444739
500902,0.050013015,0.017431926,0.019467946,0.102670791,0.060638325,0.099231593,0,0,0.016935521,0,0.086607284,0.031421651,0.011258545,0,0,0.008851241,0,0.009422122,0.033475991,0,0,0.452574051,0,0.932529121,0.45926322
501086,0.034593434,0.006098302,0.007083295,0.122462377,0,0.116564662,0.003734772,0,0.02850541,0,0.076182678,0.012191934,0.058294043,0,0,0,0,0.001531706,0,0.027902466,0,0.504854922,0,0.943869286,0.404500107
500811,0.059128892,0,0.022482169,0.109504366,0.027245206,0.128409528,0,0,0.016203055,0,0.11588159,0.036267603,0.045989359,0,0,0.009504232,0,0.001184617,0.010342215,0,0,0.417857168,0,0.920488235,0.482210552
501755,0.058971618,0.019954267,0.030728477,0.222299964,0,0.168397538,0,0,0.046031366,0,0.006036592,0.063768323,0.081284241,0,0,0.004339023,0,0.000917049,0.010019566,0,0,0.287251976,0,0.845673383,0.607159089
502087,0.081776234,0.004646711,0.023942192,0.074357432,0.042454866,0.115786772,0,0,0.022111274,0,0.008586112,0.034611478,0.034353477,0,0,0.008776542,0,0.007605006,0.028941824,0,0,0.512050081,0,0.926001751,0.43925325
501991,0.12306435,0.02532568,0.032435626,0.143451672,0,0.107685754,0,0,0.044319859,0,0.05534637,0.07407604,0.032833786,0,0,0.009703768,0,0.004127333,0.01513684,0,0,0.332492922,0,0.876711561,0.571988316
502457,0.150770603,0,0.026221566,0.17990506,0.03870727,0.170679985,0,0,0.025184542,0,0.023678889,0.032237783,0.023075024,0,0,0.010321475,0,0.000599881,0.021210462,0,0,0.29740746,0,0.849645546,0.604878451
501388,0.056472535,0,0.022099508,0.184616357,0.00389144,0.185629504,0,0,0.033023527,0,0.074621278,0.06439606,0.00525854,0,0,0,0,0.003929432,0,0.003920583,0,0.362141235,0,0.915391931,0.506523863
502687,0.028466248,0.008272933,0.008584919,0.120249842,0.004899205,0.13329129,0.001932916,0,0.019504974,0,0.015099443,0.025112556,0.02695974,0,0,0.002795515,0,0.000276723,0.023615364,0,0,0.580938331,0,0.915775601,0.427370956
502947,0.058440908,0.002422174,0.018106406,0.089489411,0,0.126065501,0.009528538,0,0.024215804,0,0.08327571,0.058398955,0.05472154,0,0,0.007100354,0,0.000938153,0.019870327,0,0,0.447426219,0,0.90645245,0.490552221
301724,0.090130557,0,0.037097284,0.140333998,0.052481551,0.141679642,0,0,0.0213442,0,0.004875295,0.060149654,0.035277005,0,0,0.010135997,0,0.009786019,0.019840045,0,0,0.376868753,0,0.917986325,0.513521691
503452,0.087286845,0.027910217,0.020801333,0.103427951,0.055571567,0.153642148,8.81155518041441e-06,0,0.01851302,0,0.059364273,0.055469045,0.040012331,0,0,0.011547874,0,0.002467548,0.01901917,0,0,0.344957866,0,0.894905066,0.550255256
502382,0.041125889,0.002303607,0.016475582,0.156170836,0.080624148,0.149173579,0.001845617,0,0.010749262,0,0.064445832,0.01876482,0.051042316,0,0,0.009303623,0,0.001015909,0.025932773,0,0,0.371026208,0,0.912039233,0.512488371
502530,0.090126401,0.008687279,0.0282616,0.197065032,0.00389215,0.129817143,0.012495269,0,0.057786922,0,0.089282492,0.093951801,0.048375717,0,0,0.004816212,0,0.000304652,0.001833193,0,0,0.233304138,0,0.900895872,0.559820214
503883,0.062608082,0,0.025925655,0.103497696,0.049329573,0.16955544,0,0,0.009774781,0,0.089283166,0.041953795,0.031187988,0.001120277,0,0.015732619,0,0.00379816,0.022292329,0,0,0.373940439,0,0.910161528,0.519680912
504280,0.030097225,0.023579168,0.018477443,0.173479546,0,0.083006472,0.010380665,0,0.054411897,0,0.053241968,0.044264804,0.044459115,0,0,0,0,0.001046118,0.029935472,0,0,0.433620107,0,0.91160989,0.491226731
504991,0.074170041,0.003326024,0.023360894,0.116228123,0.03493257,0.155335319,0,0,0.013081097,0,0.132306268,0.002562845,0.062962216,0,0,0.018240687,0,0,0.036424457,0,0,0.32706946,0,0.896691683,0.552208181
505027,0.081992472,0,0.016353453,0.107299572,0.031753472,0.177485654,0,0,0.01320813,0,0.047373699,0.017365387,0.057121025,0,0,0.016036872,0,0,0.024591554,0,0,0.40941871,0,0.93273277,0.475106096
503953,0.05459112,0.002105685,0.01490764,0.073922103,0.036607295,0.173701054,0,0,0.017335766,0,0.129467217,0.067939465,0.033505927,0,0,0.007698585,0,0.003621593,0.020102,0,0,0.36449455,0,0.921607025,0.502098709
504235,0.060647748,0,0.027115588,0.123682225,0.014993207,0.137865578,0,0,0.03863425,0,0.026361087,0.059980536,0.023808782,0,0,0.008464084,0,0.002942936,0.005207318,0,0,0.470296661,0,0.908244941,0.482017287
506354,0.103807919,0.001598123,0.028581907,0.124529147,0.05112033,0.170990392,0,0,0.03377153,0,0.020871095,0.045309146,0.048448269,0,0,0.012000558,0,0.003537333,0.013501684,0,0,0.341932568,0,0.920018977,0.52318181
505112,0.025005059,0.009003998,0.018182391,0.21867742,0.034015111,0.124264424,0.002217881,0,0.041289913,0,0.062485497,0.031883275,0.014913174,0,0,0.006148951,0,0.007069594,0,0,0,0.404843314,0,0.873311363,0.542147266
505776,0.014995524,0,0.01146181,0.075080989,0,0.037865586,0,0,0.028130559,0,0.10657882,0.004820658,0.127597506,0.070107712,0,0,0,0,0,0.031200212,0,0.492160624,0,0.887563149,0.487746344
505347,0.045869209,0,0.020165342,0.118910284,0.098140517,0.249836676,0,0,0.002727992,0,0.023850224,0.029105615,0,0,0,0.002824921,0,0.002095814,0,0.001235891,0,0.405237514,0,0.915323251,0.490051558
506094,0.061963808,0.003898197,0.016341524,0.181327433,0.035816966,0.105558648,0.005813536,0,0.011792998,0,0.021831514,0.025317831,0.036324622,0,0,0.013871845,0,0.000839108,0.042928027,0,0,0.436373944,0,0.928707522,0.469472685
506415,0.138144321,0,0.028543802,0.14803066,0.024159206,0.143160108,0,0,0.03919146,0,0.015138911,0.033705349,0.055212214,0,0,0,0,0.00347463,0.017839774,0,0,0.353399565,0,0.907977674,0.530150021
506108,0.065516838,0.008461211,0.015202285,0.136983403,0.140471473,0.261222922,0,0,0.00219518,0,0.028961053,0.022560933,0.065030942,0,0,0.007570852,0,0.001062015,0.002203913,0,0,0.24255698,0,0.908613018,0.546298393
506008,0.103845012,0.003347356,0.02040102,0.109683569,0.054033454,0.140777987,0,0,0.007770652,0,0.032736686,0.029986743,0.036404886,0,0,0.007834073,0,0.000349724,0.01808902,0,0,0.434739817,0,0.924403107,0.475507123
507555,0.037401814,0.02075114,0.020383418,0.131554823,0,0.098547077,0,0,0.023807133,0,0.08600169,0.039312359,0.056755908,0,0,0.014503866,0,0.001582122,0.025107877,0,0,0.444290773,0,0.909002089,0.488452715
505744,0.035039975,0.006676954,0.013534692,0.09206348,0.057241655,0.141113564,0.004733495,0,0.014307397,0,0.066607959,0.023491258,0.01028213,0.012196029,0,0.021590028,0,8.52338123280514e-05,0.004700201,0,0,0.496335949,0,0.921158272,0.450926956
506789,0.109512643,0.013532626,0.047708301,0.268002757,0.01315878,0.185225465,0,0,0.020162318,0,0.073981158,0.055818228,0.051502752,0,0,0,0,0.003460979,0.024563159,0,0,0.133370834,0,0.846985755,0.619557378
506917,0.051653558,0,0.015532599,0.108887389,0.135589513,0.22926678,0,0,0.001696698,0,0.072254972,0.016462946,0.037757751,0,0,0.010512873,0,0.000163167,0.018147258,0,0,0.302074496,0,0.88124951,0.565097828
506737,0.087627283,0,0.023418231,0.156098281,0.024973622,0.123317283,0,0,0.004348215,0,0.064753763,0.033859565,0.062941083,0,0,0.022914096,0,0.003014791,0.015367884,0,0,0.377365905,0,0.910802234,0.515857997
508163,0.084474153,0,0.04225636,0.151592244,0,0.024173966,0,0,0.033680959,0,0.09873947,0.083344413,0.005799949,0,0,0,0,0.003185006,0.001482609,0,0,0.47127087,0,0.907183549,0.478729796
508713,0.104512001,0.021372361,0.038820201,0.139344517,0,0.169939748,0.020065106,0,0.011731583,0,0.110282766,0.050163294,0,0,0,0.00846958,0,0.007886654,0.017511102,0,0.001105854,0.298795235,0,0.89683542,0.561350832
507226,0.071172739,0,0.015224876,0.116174959,0.059572722,0.172993054,0,0,0.032361119,0,0.001432824,0.052042276,0.062391863,0,0,0.016643274,0,0,0.0157025,0,0,0.384287794,0,0.930499359,0.488302806
508700,0.053882644,0.004582339,0.021381298,0.108839752,0.103548403,0.172107286,0,0,0.011227015,0,0.057188359,0.008258947,0.042776178,0.020489257,0,0.008922875,0,0,0.003590752,0,0,0.383204895,0,0.896542189,0.526467129
508566,0.029739074,0.013815587,0.013199333,0.152448865,0,0.133544921,0,0,0.081691592,0,0.01740581,0.074805573,0.009063822,0,0,0.008715967,0,0.00112556,0.022780528,0,0,0.441663365,0,0.896099833,0.509296949
508416,0.070448432,0.024014696,0.022986522,0.144254662,0.019072915,0.133873549,0.002527217,0,0.020471874,0,0.052966278,0.00143105,0.066605106,0.010562425,0,0.002847967,0,0,0.011650281,0,0,0.416287028,0,0.869996524,0.547144288
507607,0.068558009,0,0.01743107,0.141411158,0.05851031,0.125154307,0.005756422,0,0.004314425,0,0.046001919,0.024033388,0.03183731,0.011365394,0,0.009836935,0,0,0.006330919,0,0,0.449458434,0,0.914453476,0.479476675
506989,0.055758376,0.007305276,0.022964022,0.09886357,0.03476913,0.144067966,0,0,0,0,0.031051219,0.039505804,0.043153449,0,0,0,0,0.003758573,0.008701467,0,0,0.510101149,0,0.911880057,0.458237943
508890,0.121953435,0,0.019084533,0.1109721,0.014658777,0.127559004,0,0,0.020915302,0,0.069361946,0.016362149,0.143074457,0,0,0.007353196,0,0.002149361,0.017808089,0,0,0.328747652,0,0.927080214,0.512523226
509532,0.030193086,0.016951603,0.018741574,0.121310626,0.005433282,0.11419029,0,0,0.03045026,0,0.042631427,0.028897426,0.013785894,0,0,0.00725116,0,0.002184887,0.025342164,0,0,0.542636321,0,0.913848311,0.446242947
509400,0.050249528,0.006014008,0.01811883,0.105233272,0.082223651,0.12162033,0,0,0.00475194,0,0.027377929,0.030895234,0.024821439,0,0,0.015020531,0,0.00292538,0.013780648,0,0,0.496967279,0,0.897541387,0.485984504
509699,0.079031253,0.010546316,0.023717034,0.185032783,0.090486665,0.143105568,0,0,0.024621645,0,0.041562429,0.054341326,0.096523576,0.014463947,0,0.008381919,0,0,0.006670473,0,0,0.221515067,0,0.882387383,0.590293986
512176,0.070064544,0,0.023586183,0.141756294,0.073862419,0.200638376,0,0,0.018076228,0,0.104116094,0.051320508,0.02583968,0,0,0.004753803,0,0.007680601,0,0,0,0.278305269,0,0.915683627,0.534075757
512238,0.052859982,0.002959904,0.020103993,0.147792183,0.009233901,0.132029778,0.001330558,0,0.050183973,0,0.028614243,0.045236901,0.037725093,0,0,0.001271686,0,0.002102122,0.007357543,0,0,0.461198141,0,0.919681415,0.466908316
512892,0.078763178,0.004286171,0.045217516,0.151826589,0.001373287,0.173491904,0,0,0.041361398,0,0.098265591,0.067431359,0.062924163,0.001980139,0,0,0,0.007901857,0.004158139,0,0,0.261018709,0,0.835879876,0.621031162
512611,0.090381642,0.005984554,0.031775862,0.119624051,0.061801157,0.194743241,0,0,0.011430928,0,0.036352469,0.044245735,0.024779805,0,0,0.008147833,0,0.004300319,0.005613148,0,0,0.360819256,0,0.885961754,0.550705127
512652,0.060557231,0,0.021170492,0.144263446,0.060766803,0.11639644,0,0,0.042815987,0,0.059542973,0.04376028,0.039971422,0.001063396,0,0.008433999,0,0,0.013749396,0,0,0.387508136,0,0.750306075,0.675681587
512537,0.031567013,0.015121049,0.022447085,0.142113376,0.098223574,0.187769772,0,0,0.009112433,0,0.102435691,0.042763491,0.076191343,0.009540892,0,0.00816761,0,0.003505217,0,0,0,0.251041455,0,0.880821745,0.57681132
512908,0.022420314,0.010148132,0.016975981,0.231172352,0.017604078,0.100196106,0.003164508,0,0.050433705,0,0.099680596,0.091680478,0.070601167,0,0,0.005143644,0,0,0.015819151,0,0,0.264959787,0,0.904938303,0.53911496
513321,0.093608004,0,0.026667377,0.147645927,0,0.068346551,0,0,0.032785199,0,0.163246113,0.025594233,0.085247016,0.001681676,0,0,0,0.001771482,0.000314176,0,0,0.353092245,0,0.836220418,0.594512023
513612,0.04494975,0,0.01071391,0.04160763,0.049366123,0.062797934,0,0,0.015282214,0,0.038543999,0.019130208,0,0.011309288,0,0.004987674,0,0,0.003129509,0,0,0.698181761,0,0.903360929,0.434441071
513369,0.035716732,0.04307084,0.026370218,0.1446866,0.009154164,0.192522805,0,0,0.054299989,0,0,0.030792842,0.037311469,0,0,0,0,0.000270737,0.027544519,0,0,0.398259084,0,0.877691621,0.547452255
513704,0.050072422,0.017057763,0.027425274,0.116201942,0.063250888,0.166511847,0,0,0.031639844,0,0.041189798,0.051080918,0.079287921,0.007488558,0,0,0,0.002389911,0.016579041,0,0,0.329823873,0,0.902541333,0.543221458
513523,0.109418849,0,0.024064498,0.104971818,0.038389003,0.203058298,0,0,0.033099173,0,0.017477917,0.02380468,0.084052133,0,0,0.006808247,0,0.005812264,0.017581122,0,0,0.331462,0,0.872201031,0.574756404
514562,0.090954762,0.010168453,0.031731956,0.188184366,0.012728672,0.141096603,0.00542483,0,0.019227269,0,0.10939622,0.086458809,0.004052312,0,0,0.013293858,0,0.003287977,0.009768297,0,0,0.274225617,0,0.86906521,0.58225577
512508,0.035972213,0,0.018017429,0.089157963,0,0.106491013,4.78274252501114e-05,0,0.014714608,0,0.056745803,0.026843928,0,0,0,0,0,0.007055436,0.019876866,0,0,0.625076912,0,0.927675623,0.394495331
513314,0.047076748,0.007831359,0.022005654,0.123787896,0,0.116158076,0,0,0.035162274,0,0.120128499,0.039546394,0.080347875,0.000160245,0,0.000343671,0,0.000481746,0.009495411,0,0,0.397474152,0,0.884459328,0.531015414
516064,0.055300844,0.02653824,0.029182227,0.208191976,0,0.135570623,0.001966771,0,0.056617815,0,0.066322671,0.069812946,0.022096002,0,0,0.004028785,0,0.000204481,0.011768513,0,0,0.312398105,0,0.856909046,0.588874982
515851,0.015259149,0.001305465,0.010968815,0.179493998,0.017322203,0.170489067,0.008506374,0,0.023219002,0,0.071887985,0.069656753,0,0,0,0,0,0.001754971,0.006011142,0,0,0.424125077,0,0.92551118,0.465354009
516140,0.054188503,0.007699433,0.034817195,0.154805517,0,0.070970826,0,0,0.079851432,0,0.00301135,0.035991804,0.05630448,0,0,0,0,0.003761148,0.027940489,0,0,0.470657823,0,0.864880767,0.538765735
515546,0.04580367,0.011955411,0.026481237,0.13581219,0,0.137757375,0,0,0.04143456,0,0.025939313,0.061497,0.046609804,0,0,0.007583552,0,0.001637163,0.03074756,0,0,0.426741165,0,0.865503587,0.552426928
518328,0.081539273,0,0.039790307,0.135742707,0.020711131,0.118693787,0,0,0.036991586,0,0.08458701,0.054529856,0.052301007,0,0,0.004773569,0,0.001063169,0.018155224,0,0,0.351121375,0,0.923838892,0.511962676
515693,0.04881148,0,0.012739385,0.174262733,0,0.093191503,0.014432042,0,0.024651255,0,0.027871545,0.024986291,0,0,0,0.003097714,0,0.008553682,0.037897123,0,0,0.529505247,0,0.93786287,0.41312224
516608,0.094537298,0,0.031426853,0.127643379,0,0.140854383,0,0,0.044605043,0,0.020827229,0.025321905,0.011536901,0,0,0.001219302,0,0.000523595,0.017114212,0,0,0.4843899,0,0.878355882,0.519262829
518374,0.065972809,0.006048612,0.038632631,0.150671339,0,0.139802209,0,0,0.026137794,0,0.053567395,0.02586918,0.035949034,0,0,0.003736607,0,0.006234125,0.01141014,0,0,0.435968124,0,0.8829289,0.527814263
518518,0.051386962,0,0.011651885,0.095898999,0.002998407,0.117337979,0.003377206,0,0.029557307,0,0.074070514,0.041846374,0.022744041,0.016508135,0,0.004890119,0,0,0.009264479,0,0,0.518467593,0,0.919095736,0.443997542
517798,0.042482584,0.027347432,0.022973506,0.155256857,0.05193737,0.122387428,0,0,0.03177985,0,0.082632027,0.053398168,0.049274072,0,0,0.010905237,0,0.002123586,0.008767992,0,0,0.338733891,0,0.910587112,0.527573739
516102,0.055694039,0.007862555,0.030420895,0.125093121,0.055701385,0.243875637,0,0,0.001485371,0,0.038286445,0.028141494,0.052324317,0,0,0.005561132,0,0.004294009,0.013743488,0,0,0.337516112,0,0.901776828,0.538210173
518533,0.046262783,0.007932724,0.017666014,0.168483994,0.029661723,0.176829921,0,0,0.021523554,0,0.134064574,0.036421492,0.004465194,0.012634617,0,0.014568386,0,0,0,0.008642217,0,0.320842808,0,0.898903325,0.538204952
518635,0.069844879,0.009512115,0.026498573,0.142662542,0.090465755,0.20054518,0,0,0.007302623,0,0.056496318,0.049600372,0.068487095,0,0,0.012797938,0,0,0.042063105,0,0,0.223723505,0,0.872924485,0.603504134
518999,0.07969833,0.011602537,0.019518128,0.114989157,0.072030846,0.170437938,0,0,0.025802158,0,0.03445734,0.027449736,0.082842722,0.005699665,0,0.005630264,0,0,0.01911579,0,0,0.330725392,0,0.904968345,0.540340903
519571,0.01901557,0,0,0.016027483,0.0772864,0.037658323,0,0,0,0,0.0011378,0.068392356,0.017433218,0.069524363,0,0.001000629,0,0.048344955,0.010663286,0,0,0.633515616,0,0.722512985,0.703419265
517359,0.054286951,0,0.013399487,0.078822024,0.012969993,0.042772596,0,0,0.034786338,0,0.021038468,0.027033938,0.025756201,0.01217975,0,0.000218358,0,0.000378662,0.010389628,0,0,0.665967607,0,0.940181621,0.35433398
519330,0.082292407,0,0.016153078,0.146818049,0.04864918,0.133502049,0,0,0.024969939,0,0.015724987,0.040131912,0.085983008,0,0,0.00065995,0,0,0.024849897,0,0,0.380265545,0,0.924440576,0.49552366
518946,0.133868734,0,0.030153946,0.105621277,0.011408865,0.160231,0,0,0.005377128,0,0.093642681,0.020348209,0.009646116,0,0,0.023256854,0,0.000545335,0.014783495,0,0,0.391116361,0,0.901199153,0.525716777
518052,0.057510131,0.008967484,0.017736896,0.070945184,0.005276152,0.132531763,0.002195046,0,0.015903738,0,0.041227794,0.001962056,0.039877354,0,0,0.005283448,0,0.000269918,0.007282674,0,0,0.593030362,0,0.922736473,0.409822493
519011,0.098220951,0.013080179,0.052778436,0.266998902,0.09982094,0.19172987,0,0,0.070630276,0,0.006190846,0.053246356,0.063833293,0,0,0,0,0.002809165,0.003720117,0,0.001127244,0.075813426,0,0.865873147,0.592834208
518191,0.070475693,0.018252429,0.046051828,0.238790934,0.023432364,0.241209584,0,0,0,0,0.109279188,0.066564499,0.030182706,0,0,0.002187898,0,0.003918805,0.002699145,0,0.003640818,0.143314109,0,0.826093511,0.625630966
520980,0.049832121,0,0.01248611,0.115979371,0.092766805,0.151416382,0.001123075,0,0.014197539,0,0.043144991,0.021901707,0.024462401,0,0,0.011652336,0,0.003652838,0.013398317,0,0,0.443986007,0,0.881881339,0.523698344
520780,0.077797659,0,0.025354758,0.08697686,0,0.12202456,0,0,0.029250475,0,0.076931629,0.092406269,0.080879457,0,0,0.001379795,0,0.001498807,0.023496273,0,0,0.382003456,0,0.868808668,0.55825745
520924,0.052148125,0.001411876,0.021998996,0.097954561,0.048957408,0.130275211,0,0,0.013943959,0,0.063819897,0.036815698,0.08576045,0,0,0.006071136,0,0.00490083,0.025372807,0,0,0.410569046,0,0.87574669,0.541984418
520874,0.058630564,0.007678435,0.024752066,0.12598589,0.01794698,0.171539043,0,0,0.057222955,0,0.037664264,0.05307005,0.033987287,0,0,0.008161014,0,0.002984311,0.011431161,0,0,0.388945981,0,0.887490847,0.539081514
520694,0.076156094,0,0.019257937,0.15126265,0.051414745,0.189805421,0.00438814,0,0.010401362,0,0.038838843,0.033900062,0.063024145,0.006699565,0,0,0,0.004809884,0.01427849,0,0,0.335762663,0,0.919510564,0.519820136
520952,0.067826187,0,0.019177002,0.098484367,0.029832298,0.100832225,0,0,0.008938235,0,0.040613509,0.03430984,0.100303274,0,0,0.015784145,0,0.005158247,0.024648638,0,0,0.454092034,0,0.945134988,0.42840302
520753,0.038028954,0,0.0294107,0.265742365,0,0.10817544,0.077084102,0.004988347,0.029587932,0,0.044346423,0.034930332,0.038501039,0,0.003984803,0,0.001197405,0.007853484,0,0.04149908,0,0.274669594,0,0.635956851,0.777628908
521453,0.087060662,0.019511769,0.026619076,0.141939293,0,0.16622878,0,0,0.055563564,0,0.046725459,0.063295145,0.049734751,0,0,0,0,0.003052901,0.01149366,0,0,0.328774941,0,0.831374002,0.614328652
522744,0.06722347,0,0.01931642,0.107382718,0.073057639,0.182656847,0,0,0.017215285,0,0.047719944,0.05261607,0.02978817,0.001531706,0,0.008353617,0,0.000524974,0.010179893,0,0,0.382433247,0,0.903120774,0.521460193
521320,0.040094108,0.013733611,0.020740305,0.114839413,0.029456028,0.146139781,0,0,0.038836128,0,0.012828319,0.025170009,0.055873756,0,0,0,0,0.000854256,0.016014572,0,0,0.485419715,0,0.928241,0.441901988
521959,0.051213989,0.006606289,0.004195932,0.198473589,0.071302551,0.143475716,0,0,0.018984499,0,0.026779663,0.025730405,0.094417841,0,0,0.007088915,0,0,0.012155818,0,0,0.339574792,0,0.908867025,0.521235991
521426,0.054673363,0.010808011,0.019622879,0.116068656,0.019185089,0.158556584,0,0,0.045942997,0,0.048106824,0.020297349,0.02299167,0,0,0.011532172,0,0.001632383,0.012499875,0,0,0.458082148,0,0.922424616,0.467357021
522847,0.057231505,0.007036142,0.026000797,0.130978948,0,0.121137751,0,0,0.042535261,0,0.100548807,0.049414982,0.057037678,0,0,0.00412314,0,0.001033036,0.021219328,0,0,0.381702626,0,0.889088359,0.536458761
521677,0.056170972,0.044382778,0.04494199,0.132184914,0,0.136772333,0.04377175,0,0.033607344,0,0.146061833,0.039128115,0.020840357,0,0,0.001715805,0,0.004137619,0.02423057,0,0,0.272053621,0,0.776503493,0.673511752
522011,0.04518667,0.021962563,0.015008924,0.180517662,0,0.076469331,0,0.018490772,0.021076678,0.00130948,0,0.130012684,0,0,0.001674095,0.024061311,0,0.003855281,0,0.053867355,0,0.406507193,0,0.831846531,0.597417804
522107,0.065592105,0,0.024642511,0.100093982,0.052662865,0.236844784,0.000102651,0,0.008222125,0,0.050894331,0.028930722,0.045399314,0,0,0.007793734,0,0.003317575,0.016744065,0,0,0.358759237,0,0.90738653,0.526158822
523425,0.049439817,0.000789146,0.014734439,0.155124866,0.019456221,0.138333881,0.001031811,0,0.029624938,0,0.038515968,0.002838029,0.046505233,0,0,0.001718964,0,0.002322496,0.013760131,0,0,0.48580406,0,0.886139775,0.502549702
523975,0.063314718,0,0.022876785,0.171672107,0.013776907,0.112784447,0.028009712,0,0,0,0.116050303,0.002035085,0,0,0,0.006813673,0,0.00496563,0.020710532,0,0.015676028,0.421314071,0,0.901821689,0.510550523
524470,0.013697561,0.003068566,0.009059567,0.127788797,0,0.062350836,0,0,0.045468619,0,0.031017282,0.063858883,0,0,0,0.004404566,0,0.004869406,0,0,0,0.634415917,0,0.925129555,0.396574126
525013,0.029637517,0.010411544,0.018269386,0.139651858,0.069186719,0.148206528,0,0,0.00871871,0,0.08928291,0.034332221,0.055105871,0,0,0.013206482,0,0,0.01664725,0,0,0.367343003,0,0.920168315,0.502718114
524778,0.099227484,0.006587005,0.023367412,0.125295691,0.01666571,0.156126034,0,0,0.020354511,0,0.030599271,0.045473607,0.057604488,0,0,0.008035042,0,0.001792254,0.024415919,0,0,0.384455573,0,0.896592654,0.532208645
551421,0.06989869,0,0.025137788,0.150052957,0,0.144520898,0,0,0.032347215,0,0.042538871,0.059455145,0.023230957,0,0,0.015204634,0,0.002953567,0.012983585,0,0,0.421675693,0,0.892294862,0.522072109
525173,0.063293572,0.018510706,0.034431299,0.092201806,0,0.10464131,0.009075034,0,0.03287704,0,0.086763371,0.036565455,0.078373917,0,0,0.008327079,0,0.005033745,0.011526465,0,0,0.418379201,0,0.883524984,0.531498192
525439,0.038121381,0.010433648,0.010376807,0.123046453,0,0.100238159,0.001671003,0,0.037748789,0,0.07902794,0.032889408,0.031754621,0.007515048,0,0,0,0,0.014887023,0,0,0.512289721,0,0.919016245,0.445452854
524908,0.022520984,0.014253529,0.015716539,0.091811226,0,0.06816972,0.010941615,0,0.004049619,0.005587474,0.023380838,0.032164852,0,0,0,0,0,0.006630064,0,0.045351467,0,0.659422075,0,0.896193525,0.450815763
523990,0.027084659,0.004595423,0.005209984,0.126758489,0.040080293,0.112727189,0,0,0.02519517,0,0.039531867,0.051004541,0.046052536,0,0,0.003186203,0,0.001567294,0.02295551,0,0,0.494050843,0,0.936811398,0.422746212
526058,0.045721246,0.005745501,0.027166758,0.150098316,0,0.016414256,0.017585908,0,0.054358449,0,0.042603928,0.047097492,0,0,0,0.004690756,0,0.007985565,0.028093896,0,0,0.55243793,0,0.879585661,0.499112305
525979,0.075823857,0,0.014577521,0.074406336,0.043099711,0.145140634,0,0,0.014878631,0,0.033028164,0.028044375,0.086286659,0,0,0,0,0.004713711,0.027422242,0,0,0.452578159,0,0.934882556,0.446720993
527330,0.094614761,0,0.017711495,0.145845171,0.046935054,0.150559309,0.005675491,0,0.006742889,0,0.058743371,0.02337365,0.019552524,0,0,0.003528678,0,0.001543876,0.006193878,0,0,0.418979853,0,0.926103138,0.477817811
524614,0.010821159,0.010910427,0.011479074,0.148115734,0,0.116494944,0.002212533,0,0.041525428,0,0.068742979,0.04983394,0,0,0,0,0,0.004029692,0,0,0,0.53583409,0,0.89962094,0.467976305
524950,0.095716306,0.018551653,0.036277986,0.136523052,0,0.183927873,0,0,0.046840303,0,0.031684607,0.032509389,0.09652556,0,0,0.002512806,0,0.00157774,0.010222156,0,0,0.30713057,0,0.875715091,0.578413227
526622,0.049308467,0.003349696,0.024611777,0.148252733,0.05234255,0.15636927,0.001036118,0,0.042120017,0,0.039542279,0.022695555,0.028655643,0,0,0.000189177,0,0.000747763,0.02179243,0,0,0.408986526,0,0.910247806,0.50220599
525843,0.099434774,0.011145334,0.023025423,0.136566071,0.003023701,0.183276851,0,0,0.018885085,0,0.110716934,0.043000411,0.072965408,0.00016926,0,0.005524698,0,0,0.007398423,0,0,0.284867629,0,0.884780389,0.570630107
526109,0.025511443,0.014915567,0.040606149,0.324807633,0,0.088417493,0,0.019099752,0.02326437,0.075170163,0,0.096501915,0,0,0.003530215,0,0,0.00942254,0,0.052009122,0,0.226743638,0,0.49581897,0.870610886
500194,0.054504805,0.004160742,0.022030186,0.124801227,0.067371183,0.17253343,0,0,0.014299839,0,0.090369074,0.040044049,0.018961131,0,0,0.005908937,0,0.002743867,0.010647366,0,0,0.371624162,0,0.897275731,0.529854551
501711,0.028038629,0.027251224,0.016515275,0.100354584,0.024754695,0.087169097,0.003675852,0,0.016792464,0,0.038769334,0.021059468,0.042972078,0,0,0.005694594,0,0.000490571,0.020468977,0,0,0.565993159,0,0.8995472,0.459555388
500634,0.07772913,0.02299263,0.016853463,0.132600956,0.041283806,0.142044457,0,0,0.032745458,0,0,0.057814878,0.049602018,0,0,0.00706501,0,0.000222595,0.029975457,0,0,0.389070141,0,0.907284124,0.518949052
500235,0.064330744,0,0.015831367,0.138782624,0.062483972,0.150864193,0,0,0.015665935,0,0.063021171,0.029822973,0,0,0,0.012614201,0,0.000980725,0.02277275,0,0,0.422829344,0,0.926999882,0.477032234
500652,0.060716234,0,0.017458457,0.180067824,0.002941495,0.129450885,0,0,0.001244699,0,0.078119756,0.040858201,0.012390405,0,0,0.002724976,0,0.004974559,0.00748869,0,0,0.461563819,0,0.915801873,0.470655167
500216,0.076284144,0.000654289,0.011175438,0.070645092,0.099364306,0.173996207,0,0,0.000665571,0,0.039577594,0.015130602,0,0,0,0.005037615,0,0.003096029,0.015622413,0,0,0.4887507,0,0.92036703,0.456662586
500580,0.02707503,0.016045142,0.010836221,0.112476509,0.041521376,0.159746999,0,0,0.002030564,0,0.079683176,0.026914043,0.048317215,0,0,0.008230931,0,0.0020933,0.033524452,0,0,0.431505044,0,0.914056279,0.48674974
500550,0.071810591,0,0.015985066,0.116632984,0.064359613,0.132254825,0,0,0.006790835,0,0.076682998,0.052005726,0.053492937,0,0,0.005169356,0,0.000368652,0.023692967,0,0,0.380753451,0,0.914265243,0.50860015
500726,0.059740209,0.019677174,0.034543194,0.202696165,0.040683317,0.14447815,0,0,0.055610426,0,0.079611868,0.02447012,0.051967422,0,0,0.005503899,0,0.001903352,0.018654371,0,0,0.260460333,0,0.899835617,0.563565941
500418,0.051996364,0.009497229,0.018068706,0.165107193,0,0.136378512,0.003088959,0,0.016258088,0,0.058748381,0.06107313,0.030033099,0,0.014498732,0.017231264,0,0.00224406,0,0.005947576,0,0.409828708,0,0.820495472,0.604419057
501122,0.049755008,0,0.018761243,0.105157482,0.050520824,0.110145454,0,0,0.009017569,0,0.078236727,0.046076508,0.051613941,0,0,0.005024365,0,0.001164311,0.010447666,0,0,0.464078903,0,0.896123207,0.496264277
500605,0.111117067,0,0.018993092,0.076335009,0.046758629,0.135505896,0,0,0.04568367,0,0.037897094,0.024544391,0.080192455,0.005059421,0,0,0,0.001305042,0.009701022,0,0,0.406907212,0,0.902178156,0.512532525
500889,0.102120836,0.010269757,0.018602686,0.160820713,0.044790726,0.174197159,0,0,0.010867802,0,0.127100695,0.041535022,0.054443171,0,0,0.004668413,0,0.001388119,0.024053016,0,0,0.225141887,0,0.898747395,0.570265281
501691,0.049962498,0.002632699,0.014427388,0.147374035,0.059803661,0.121724794,0.002493931,0,0.018594073,0,0.108606048,0.025356308,0.088334514,0.010188617,0,0.006181509,0,0.002251985,0,0.013534403,0,0.328533536,0,0.863689905,0.577081272
501221,0.109751323,0,0.022245649,0.135651614,0.023685765,0.175890881,0.006345005,0,0.022102193,0,0.022424608,0.01401619,0.02913038,0,0,0.01127454,0,0.008528899,0.032756611,0,0,0.386196343,0,0.920978037,0.506361105
502005,0.064567773,0.007255036,0.027132819,0.141528454,0.044110536,0.158303824,0,0,0.008819225,0,0.034883699,0.072248882,0.061076326,0,0,0.011885355,0,0.002862739,0.026917417,0,0,0.338407915,0,0.91508984,0.528947339
502360,0.043897907,0.014209514,0.019861832,0.079748499,0.00682386,0.19115215,0,0,0.021935438,0,0.023888096,0.041491306,0.023136911,0,0,0.01239678,0,0.004980252,0,0,0,0.516477455,0,0.914487893,0.45369798
501881,0.066268827,0.010833492,0.0336804,0.218527708,0,0.248204919,0,0,0,0,0.101551183,0.038460199,0.009629504,0,0,0.015399523,0,0.005000477,0.010739542,0,0,0.241704226,0,0.8702826,0.584954716
502895,0.025475669,0.005191167,0.012417446,0.141025892,0.026179214,0.103907495,0,0,0.031629122,0,0.02329757,0.060036658,0.017093211,0,0,0.009910075,0,0.002386035,0.015785914,0,0,0.525664531,0,0.933598097,0.417415411
501488,0.085793493,0,0.038768473,0.148121143,0.0249773,0.093428089,0,0,0.032589094,0,0,0.057865825,0,0,0,0.008134409,0,0.004884225,0.024248777,0,0,0.481189172,0,0.905242827,0.48690565
503437,0.038053111,0.008725344,0.017347172,0.16954159,0.012082428,0.087468277,0,0,0.047382248,0,0.028770859,0.050598923,0.015871735,0.001335079,0,0,0,0.001106426,0.022693071,0,0,0.499023739,0,0.924713943,0.445039975
501253,0.120862825,0,0.041916588,0.225090385,0.052123116,0.161017075,0,0,0.028369149,0,0.069872673,0.100391308,0.045798112,0,0,0,0,0.002562873,0,0,0,0.151995897,0,0.901904325,0.56309272
501496,0.089890429,0,0.011633878,0.160197732,0.099111362,0.213737115,0.003143325,0,0.003937411,0,0.038785019,0.025625475,0.064680953,0,0,0.00310211,0,0.003038743,0.019111754,0,0,0.264004694,0,0.896611653,0.56262581
503112,0.044142865,0.005931148,0.00935822,0.05284497,0.032892673,0.104772128,0,0,0.01797922,0,0.032692247,0.037134051,0.105198575,0.00226634,0,0.00212595,0,0.001792774,0.001388181,0,0,0.549480658,0,0.801256282,0.600762543
503612,0.023076707,0.000174836,0.012129326,0.089937263,0.014289766,0.112450818,0,0,0.015040371,0,0.050675452,0.058945695,0,0,0,0.009172077,0,0.003024395,0,0.027927006,0,0.583156288,0,0.917492201,0.425814413
503899,0.104419136,0,0.027116154,0.072066005,0.029600793,0.118472892,0,0,0.027346869,0,0.033463039,0.023659437,0.04319943,0.013082531,0,0,0,0.003565766,0.007766832,0,0,0.496241116,0,0.934424526,0.429889705
502559,0.056397548,0,0.013907324,0.109798776,0.02149842,0.068163171,0,0,0.055726663,0,0.063155521,0.030560076,0.064254207,0.003063267,0,0.001327559,0,8.00256897271581e-05,0.006796589,0,0,0.505270852,0,0.850535565,0.544825545
503308,0.03657265,0.014376615,0.013796708,0.085864407,0.005463279,0.084659213,0,0,0.026953877,0,0.024938278,0.03276052,0.049046013,0,0,0.001572138,0,0.003172893,0.025341504,0,0,0.595481905,0,0.891779641,0.465494421
503315,0.034308573,0,0.017494225,0.135619413,0.085947732,0.147091467,0,0,0.020905217,0,0.001935828,0.039444063,0.046603475,0,0,0.005987591,0,0.001229657,0.029669797,0,0,0.433762963,0,0.933430451,0.458413705
503733,0.063946084,0,0.02223651,0.149821982,0.052875727,0.155297043,0,0,0.018874673,0,0.045502584,0.049975312,0.033449142,0,0,0.012567961,0,0.000458586,0.020001324,0,0,0.374993075,0,0.929706522,0.494022128
504965,0.027268887,0.039630638,0.027438923,0.156878658,0,0.155428048,0.021730553,0,0.020128451,0,0.111273383,0.045845443,0,0,0,0,0,0.008853654,0.016014914,0,0,0.369508449,0,0.875407712,0.556886335
505090,0.088162144,0,0.028580968,0.103769349,0.099261868,0.234387527,0,0,0.025578473,0,0.05645051,0.059782142,0.030010764,0,0,0.00426209,0,0.002140155,0.004218128,0,0,0.263395881,0,0.898492665,0.561461249
503580,0.070325563,0,0.011860211,0.111939408,0.031256056,0.137795919,0,0,0.032930286,0,0.056278631,0.059373427,0.013690097,0,0,0.01006879,0,0.001246992,0.016665358,0,0,0.446569261,0,0.923897337,0.470603251
505436,0.058313607,0.021375007,0.026618593,0.123529152,0.024197538,0.137643674,0.001183023,0,0.024166208,0,0.102628401,0.072061117,0.03391,0,0,0.004028469,0,0.000444153,0.021396703,0,0,0.348504356,0,0.922305373,0.511488789
505981,0.086523383,0,0.022429146,0.087387422,0.066166195,0.17988026,0,0,0.00273067,0,0.025336467,0.034428422,0.015434115,0,0,0.0135989,0,0.00581866,0.020661964,0,0,0.439604395,0,0.889163453,0.521350029
505317,0.062719515,0,0.015533353,0.118932557,0.033050766,0.17449516,0,0,0.008197528,0,0.038948449,0.036514924,0.029808316,0,0,0.012414838,0,0.001858472,0.019273218,0,0,0.448252906,0,0.924762916,0.467473146
505555,0.032043432,0.003295261,0.024567945,0.115272264,0.105212879,0.148128031,0.000897774,0,0.023743648,0,0.043070026,0.029235769,0.030348066,0,0,0.017929006,0,0.001515339,0.023264368,0,0,0.401476192,0,0.850648885,0.574539659
505751,0.073263343,0,0.032405122,0.168480624,0,0.118953896,0.008847877,0,0.058931976,0,0.016311208,0.057388367,0.034474989,0,0,0,0,0.001663933,0.021240276,0,0,0.408038387,0,0.843234546,0.582986545
505535,0.032964707,0.024638136,0.030885286,0.169375105,0,0.140382569,0.006265923,0,0.034634133,0,0.021795011,0.071431903,0.000336561,0,0,0,0,0.006834653,0,0,0,0.460456013,0,0.858083778,0.550277934
504766,0.035133323,0.02979302,0.043693893,0.350005419,0,0.049936941,0.014937915,0,0.059620805,0,0.137062008,0.10287319,0.104869058,0.008749563,0,0,0,0.001254496,0.021873359,0,0,0.04019701,0,0.784389195,0.655607118
506995,0.066507342,0,0.014483458,0.157529652,0.079300752,0.206409671,0,0,0.017177049,0,0.053300159,0.057514186,0.042612595,0,0,0.004175512,0,0.003141706,0.0094306,0,0,0.288417317,0,0.897084648,0.552421924
506774,0.015630699,0.004792472,0.037773868,0.157877606,0,0.116562031,0.017422737,0,0.040397863,0,0.044943273,0.071731292,0,0,0,0,0,0.011697699,0,0.039160514,0,0.442009946,0,0.481640761,0.891837602
506968,0.035074896,0.003514904,0.012583628,0.137337732,0.092873058,0.099144236,0.001807383,0,0.012806291,0,0.14737561,0.032418695,0.058404171,0,0,0.004960846,0,0.004863101,0.014146789,0,0,0.342688661,0,0.908434554,0.519812986
507630,0.06490056,0.006847316,0.027505656,0.138262277,0.033165539,0.139210757,0.010380973,0,0.018136574,0,0.060239273,0.015073992,0,0,0,0.013763459,0,0.009350142,0.026958192,0,0,0.43620529,0,0.915253641,0.492195001
507664,0.043403281,0,0.015218438,0.109859455,0,0.096662522,0.034776112,0.000334522,0.030437536,0,0.066468487,0.06426431,0,0,0.000283529,0.002287647,0,0.000470621,0,0.01328601,0,0.522247528,0,0.910985749,0.458272069
508444,0.057263675,0,0.011246487,0.152821748,0.063215595,0.148563001,0,0,0.015208603,0,0.022119221,0.031975356,0.004862697,0,0,0.019651493,0,0,0.033667121,0,0,0.439405005,0,0.890170972,0.518238189
504379,0.06746197,0.03098388,0.035161178,0.334222539,0,0.091891238,0.002006661,0,0.062812146,0,0.040929241,0.037485541,0.061142838,0,0,0,0,0.00077643,0.015586011,0,0,0.219540326,0,0.818415636,0.636939531
508486,0.056809929,0.01097279,0.026691556,0.181631215,0,0.126661382,0.023701061,0,0.039564814,0,0.122171598,0.070775277,0.029266225,0,0,0,0,0.001527302,0.015342575,0,0,0.294884276,0,0.839463872,0.606111408
506481,0.027571481,0,0.015749894,0.173001795,0.103793675,0.159564284,0,0,0.027711603,0,0.068517658,0.03933944,0.031391377,0,0,0.00886895,0,0,0.014386324,0,0,0.330103519,0,0.926610968,0.503004982
508799,0.099891353,0,0.019511102,0.123492182,0.098894384,0.175627665,0,0,0.009993298,0,0.03583891,0.027833682,0.027002164,0,0,0.007993923,0,0.000934904,0.00982274,0,0,0.363163693,0,0.912394134,0.518112461
506954,0.128418788,0,0.030725654,0.129096885,0.029904741,0.178912379,0.011708842,0,0.017785781,0,0.120308225,0.015240484,0.075991322,0,0,0.004621187,0,0.000190656,0.02063362,0,0,0.236461437,0,0.920218818,0.55720189
508083,0.069846892,0.014854191,0.031063445,0.092797267,0,0.169783307,0,0,0.014898964,0,0.045700561,0.085615078,0.069456689,0,0,0.008795365,0,0.009222407,0,0,0,0.387965835,0,0.860166365,0.568090698
508705,0.031576238,0.013126128,0.011299524,0.166216956,0.025444937,0.161309125,0.000528512,0,0.004422373,0,0.125679405,0.03117122,0.04042002,0,0,0.008864265,0,0.001149596,0.012289199,0,0,0.366502502,0,0.929898873,0.485032623
509232,0.065790673,0.016217074,0.025592381,0.111184428,0.018374956,0.097377497,0.003861603,0,0.017960494,0,0.064759434,0.035942629,0.043911346,0,0,0.024123294,0,0.006960694,0.01712256,0,0,0.450820935,0,0.944130758,0.441028888
508533,0.054645417,0,0.013573099,0.134427844,0.061827157,0.171716659,0,0,0.010708748,0,0.103439633,0.036971061,0.035302582,0,0,0.004194475,0,0.002253816,0.010577985,0,0,0.360361525,0,0.922493456,0.500694326
508833,0.053505945,0.020026791,0.024674126,0.144550566,0,0.122839389,0,0,0.035106036,0,0.03610328,0.093886741,0.031854925,0,0,0.010376365,0,0.001771671,0.00964498,0,0,0.415659185,0,0.895450973,0.518972312
510284,0.059338662,0.012366995,0.022738137,0.2130269,0.134460514,0.178543632,0,0,0.011169091,0,0,0.084043625,0.042942057,0,0,0.007057115,0,0.002758568,0.027452935,0,0,0.20410177,0,0.877594086,0.588407621
509573,0.039888195,0,0.014557054,0.110871011,0.092985996,0.170072638,0,0,0.013416255,0,0.085259573,0,0.025464904,0.013045979,0,0.001349693,0,0.001571408,0.012627952,0,0,0.418889342,0,0.897523734,0.5107418
509425,0.059548953,0.009242179,0.033122461,0.292667995,0.007310339,0.099941484,0.003095449,0.001923053,0.078702556,0,0.060343582,0.082709398,0.030106146,0,0,0,0,0.001372173,0,0,0,0.239914231,0,0.88872785,0.560715414
510335,0.073185202,0,0.02477352,0.150072673,0.062759573,0.180044237,0,0,0.002505325,0,0.043747137,0.033903967,0.039731827,0,0,0.008312605,0,0.002488296,0.003559777,0,0,0.37491586,0,0.919592747,0.502485097
511908,0.045968061,0.014736378,0.024854698,0.075828857,0,0.113845414,0.012074595,0,0.018944938,0,0.053075863,0,0.03905697,0,0,0.013676832,0,0.00435747,0.033269842,0,0,0.550310081,0,0.924984121,0.423242593
510417,0.061706838,0,0.012767206,0.143743237,0.083954683,0.147759292,0,0,0.008586528,0,0.014752988,0.050332952,0.026699153,0,0,0.006582412,0,0.000712445,0.014639515,0,0,0.427762751,0,0.927457883,0.470430623
510572,0.043053082,0.039275832,0.029660317,0.108521578,0,0.122210822,0.000726999,0,0.014529359,0.054568789,0,0.024636109,0.025721215,0,0,0.004568211,0,0.006786123,0.024797585,0,0,0.500943979,0,0.841076339,0.56124047
512006,0.069053709,0,0.021481416,0.162107657,0.046157323,0.150531994,0,0,0.023551609,0,0.034757465,0.058036262,0.060234841,0,0,0.007017064,0,0.000842881,0.026090532,0,0,0.340137245,0,0.88640113,0.555926106
510537,0.124381097,0.013585963,0.041528012,0.193550915,0,0.163369298,0,0.002816518,0.061801092,0,0,0.060683345,0.03538993,0,0,0,0,0.004540951,0.010067978,0,0,0.288284901,0,0.725985097,0.709984262
512222,0.076795581,0,0.019130902,0.115607095,0.039569962,0.170811979,0,0,0,0,0.054447995,0.013918297,0.017854228,0,0,0,0,0.002499893,0.012197578,0,0,0.47716649,0,0.90666703,0.480182425
513052,0.054770144,0,0.018371403,0.133232871,0.057656928,0.159085992,0.01000164,0,0.005132479,0,0.06094891,0.013658742,0.032922541,0,0,0.008647488,0,0.002288231,0.008380192,0,0,0.43490244,0,0.910212082,0.490430457
511166,0.081200874,0,0.021921417,0.148566755,0,0.139025134,0,0,0.023407869,0,0.077901072,0.072474531,0.033044083,0,0,0.003485504,0,0.005539492,0.003982973,0,0,0.389450296,0,0.884560218,0.537821324
512567,0.102844613,0.007601736,0.039649297,0.204474153,0,0.196977901,0.002493052,0,0,0,0.008514397,0.020543344,0.016534105,0,0,0.003619334,0,0.004991939,0.019799661,0,0.001090581,0.370865887,0,0.843266412,0.591446768
513076,0.095214613,0.008999264,0.022228315,0.103322568,0.063457532,0.179264091,0,0,0.00443331,0,0.014540036,0.015215894,0.065085819,0,0,0.009543102,0,0.000117645,0.019874913,0,0,0.398702897,0,0.904367626,0.513714625
512517,0.016434456,0.010882551,0.011873337,0.107762683,0.01491033,0.116814671,0,0,0.019911216,0,0.01383705,0.0263331,0.014452457,0,0,0.002411124,0,0.002667871,0.030366454,0,0,0.611342701,0,0.939606114,0.37162745
512932,0.106976751,0.003301111,0.018452825,0.136356598,0.030622885,0.144610908,0.000701094,0,0.048666028,0,0.0606962,0.040570661,0.035010313,0,0,0.003319185,0,0.001811437,0.013659833,0,0,0.355244172,0,0.877133379,0.561885134
512706,0.072748196,0.019612741,0.019520245,0.141881434,0.114443503,0.248370041,0,0,0.033509943,0,0.069969121,0.063989267,0.037730778,0,0,0.002823664,0,0.00110197,0.005566509,0,0,0.168732589,0,0.864640536,0.597762769
512848,0.029379694,0.009617192,0.013503127,0.12183016,0.040113759,0.126583821,0,0,0.018535849,0,0.073859704,0.05758802,0.064044876,0,0.003355752,0.021454306,0,0.002071699,0,0,0,0.418062041,0,0.93387671,0.461515043
513300,0.070035362,0,0.020228842,0.09946931,0.021415846,0.136494969,0,0,0.018460536,0,0.006763051,0.050756616,0.11506483,0.00558322,0,3.30912994699922e-05,0,0.00099803,0.018005258,0,0,0.436691038,0,0.85589115,0.553940857
513516,0.052867358,0,0.01342013,0.107684046,0.086187856,0.126453853,0.002360454,0,0.033991765,0,0.048735431,0.020345798,0.075338065,0.010784644,0,0,0,0.00143789,4.58045618074198e-05,0,0,0.420346906,0,0.867589963,0.544951378
513632,0.042440626,0,0.00895588,0.058371517,0.023275495,0.111890483,0,0,0.005410017,0,0.03739405,0.007703256,0.044485958,0.011962284,0,0,0,0.001815407,0.005012004,0,0,0.641283022,0,0.945926999,0.343356079
513377,0.042714904,0,0.027730594,0.141319405,0.033434713,0.117092377,0.004095764,0,0.041976962,0,0.012527694,0.029046327,0.042431262,0.001879835,0,0,0,0.001127096,0.008830877,0,0,0.495792189,0,0.921648897,0.448362751
513847,0.046751938,0,0.01666553,0.151187268,0.051655539,0.146149185,0,0,0.036974323,0,0.039576319,0.02684595,0.148997471,0,0,0.002859308,0,0.001541662,0.01908305,0,0,0.311712457,0,0.9132882,0.529131144
514359,0.074194359,0,0.020970567,0.228125416,0,0,0.084241467,0,0.059494827,0,0.055263035,0.075923232,0.040780291,0.009781719,0,0,0,0,0.01080569,0,0.008795342,0.331624054,0,0.846185231,0.600010463
514207,0.031073199,0.011670724,0.0172348,0.091315482,0,0.092946179,0,0,0.028243518,0,0,0.039966801,0.057822967,0,0,0.008923621,0,0.002392167,0.006066099,0,0,0.612344443,0,0.929995543,0.388083729
514345,0.038172726,0,0.00320038,0.043473834,0.062974034,0.102452417,0,0,0,0,0.049541495,0.007643399,0,0.022588206,0,0.004538355,0,0.002001479,0,0.020950753,0,0.64246292,0,0.948043206,0.341220168
514397,0.105656251,0,0.031831706,0.16514532,0.025849716,0.181506268,0.000827008,0,0.023467355,0,0,0.067504716,0.033964868,0,0,0.001421534,0,0.005293897,0.039364032,0,0,0.318167329,0,0.906876687,0.548855745
515161,0.081648547,0,0.041903075,0.18998594,0,0.092617076,0.002621255,0,0.04799139,0,0.050641857,0.064027162,0.025994622,0,0,0.000522857,0,0.009808446,0.028937365,0,0,0.363300407,0,0.869032809,0.570235963
514592,0.062445203,0.013033756,0.016260682,0.148868811,0,0.165930119,0.039021458,0,0,0,0.096400314,0.020906513,0.028449459,0,0,0,0,0.003686082,0.025555819,0,0.004551554,0.37489023,0,0.879801211,0.553480834
513913,0.036914082,0.002215108,0.018675853,0.13735838,0.09526917,0.187812718,0,0,0.011597332,0,0.065990887,0.027942263,0.055075283,0,0,0.005072299,0,0.002180299,0.013939293,0,0,0.339957032,0,0.903743992,0.529992393
514269,0.0805575,0,0.048362273,0.23524401,0,0.032885755,0.080146942,0.024537445,0.038088293,0.022467971,0,0.065977137,0.012799841,0,0,0,0,0.003351119,0.040618677,0,0,0.314963038,0,0.745431562,0.696162693
515468,0.074083782,0.027180882,0.03948721,0.207274898,0,0.104877867,0.005098094,0.010232421,0.056648137,0,0.03380358,0.067958065,0.071579815,0,0,0.000888647,0,0.001530512,0.017415516,0,0,0.281940574,0,0.760629381,0.684183074
515902,0.102555382,0.017425909,0.029531526,0.198002993,0,0.192537949,0,0,0.030234279,0,0.010171536,0.086760316,0.047465017,0,0,0.000284637,0,0.004244184,0.005944201,0,0,0.27484207,0,0.814840556,0.637686522
516735,0.082855542,0,0.021800197,0.166947399,0.05698566,0.124283369,0,0,0.020934046,0,0.120528876,0.07023873,0.027592452,0.017747459,0,0.009789353,0,0,0.000208295,0,0,0.280088623,0,0.904229231,0.545374303
516532,0.069678798,0,0.012291585,0.111617939,0.07780713,0.172777414,0,0,0.007351483,0,0.026346313,0.02054788,0.028650141,0,0,0.008421358,0,0,0.021297331,0,0,0.443212626,0,0.914172046,0.482833729
516696,0.016074798,0.001966764,0.013015488,0.115847582,0,0.116111962,0,0,0.034469619,0,0.097623187,0.071571665,0,0,0,0,0,0.003380949,0,0.041598173,0,0.488339813,0,0.894916861,0.490619469
515607,0.067565493,0.020270265,0.025545618,0.221748292,0,0.212468536,0,0,0.076914197,0,0.001233515,0.071513663,0.066258645,0,0,0,0,0.000984272,0.018750041,0,0.000523901,0.216223563,0,0.799084422,0.657415783
516502,0.045347701,0.004522769,0.021492231,0.114122514,0.003742742,0.130491853,0,0,0.021914344,0,0.063376866,0.046953101,0.00452341,0,0,0.012291193,0,0.003145277,0.019592908,0,0,0.508483092,0,0.908008053,0.4685638
516079,0.068849796,0,0.018960557,0.07520697,0.064450565,0.121984223,0,0,0.012746155,0,0.048780006,0.01508064,0.011192133,0.01056698,0,0.010232631,0,0.001643702,0.004237924,0,0,0.536067718,0,0.943274527,0.396671974
517954,0.0389214,0.025583537,0.022030043,0.162395533,0.072342142,0.129185063,0,0,0.051679684,0,0.01463647,0.043956989,0.038420626,0,0,0.005645085,0,0.001266344,0.017140215,0,0,0.37679687,0,0.903900755,0.523011226
516798,0.091453096,0,0.033374658,0.174816955,0.020168274,0.216482602,0,0,0.049092069,0,0.013211078,0.052031499,0.058183077,0,0,0,0,0.004521438,0.014392602,0,0,0.272272652,0,0.851861895,0.606675319
516723,0.072596273,0,0.017373063,0.132077959,0.020609946,0.152419153,0,0,0.006881777,0,0.107739873,0.035740753,0.032764916,0,0,0.006642894,0,0.001329091,0.015201064,0,0,0.398623239,0,0.908551814,0.506325149
518624,0.086744891,0,0.015001368,0.133697299,0.04795737,0.105936097,0.002665399,0,0.001419688,0,0.022500103,0.024129255,0.038983665,0,0,0.006400035,0,0.002286944,0.039509926,0,0,0.472767962,0,0.915585349,0.470869293
516861,0.064048945,0.012799201,0.021782895,0.101688209,0,0.093399197,0,0,0.028198957,0,0.035291346,0.093348302,0.037621176,0,0,0.00467737,0,0.003933223,0.013883705,0,0,0.489327472,0,0.861845299,0.536880818
517741,0.068985031,0.019935888,0.032839656,0.074213148,0.026819344,0.176417779,0,0,0.034662464,0,0.035080718,0.044528989,0.023062388,0,0,0.006622475,0,0.001230203,0.017875802,0,0,0.437726115,0,0.895511497,0.51514332
516956,0.036132783,0,0.012851304,0.141474462,0.043992478,0.145324151,0,0,0.013613952,0,0.016430384,0.034058907,0.040663243,0,0,0.006719851,0,0.004691473,0.008995175,0,0,0.495051838,0,0.916919079,0.45414307
517301,0.094335325,0,0.024065035,0.18350134,0.098507876,0.161943773,0,0,0.021572567,0,0,0.052161931,0.039125742,0,0,0.013726742,0,0.008534025,0.035760779,0,0,0.266764864,0,0.895701678,0.572374711
519026,0.044841468,0.016546976,0.020395648,0.155025833,0,0.226893062,0.051165042,0,0,0,0,0.164015511,0.040312944,0.000429543,0.033530076,0.005256265,0,0.005765526,0,0.009897016,0.005432028,0.220493064,0,0.82296556,0.643216415
520415,0.08533015,0,0.02593723,0.134405351,0.039810725,0.164490257,0,0,0.020891583,0,0.03489827,0.067767428,0.039860207,0,0,0.002156613,0,0.005449639,0.006168267,0,0,0.372834281,0,0.908300905,0.520062422
519368,0.083389541,0,0.02725431,0.082461549,0,0.067080913,0,0,0.040185773,0,0.050296069,0.036327953,0.075116012,0,0,0,0,0.003190645,0.011249521,0,0,0.523447713,0,0.905065711,0.461767178
519395,0.043531144,0,0.008167571,0.071641989,0,0.1081659,0.002721541,0,0.021074023,0,0.088775107,0.036306669,0.039770241,0.017356376,0,0,0,0.004567376,0,0.042520832,0,0.515401232,0,0.868546165,0.519775936
521926,0.051938987,0.020512022,0.033974761,0.135965853,0,0.121231298,0.008903534,0,0.02991426,0,0.129266943,0.07561999,0.006496946,0,0,0,0,0.007851924,0.006734974,0,0,0.371588507,0,0.871879194,0.555579378
521568,0.070347605,0.010151668,0.037302723,0.145172966,0.016387929,0.15903455,0.023668111,0,0.000710618,0,0.081325935,0.029032804,0.01403611,0,0,0.008797308,0,0.009312393,0.012188827,0,0,0.382530452,0,0.880642539,0.5518921
522953,0.04679999,0,0.00783969,0.11589342,0.014927459,0.091414881,0,0,0.01519615,0,0.024128041,0.039131241,0.019694958,0,0,0.007811906,0,0.004196345,0.008062175,0,0,0.604903743,0,0.94432611,0.363033005
521220,0.037215166,0.017074869,0.028473894,0.314305823,0,0.09072853,0,0.000328709,0.088728018,0,0,0.07589755,0.005598691,0,0,0.019022052,0,0,0.037047454,0,0,0.285579243,0,0.842481018,0.608022942
521973,0.060677159,0.028398187,0.043363197,0.355367837,0,0.057838303,0.01264812,0,0.121256753,0,0.035017131,0.007338177,0.02815709,0,0,0,0,0,0.021976362,0,0,0.227961684,0,0.728537776,0.708069672
523367,0.107410032,0.007539803,0.032840085,0.18979037,0,0.12867265,0.014472904,0,0.058100069,0,0.024831752,0.032934032,0.047404318,0.001514327,0,0.003476506,0,0.00232485,0.006866357,0,0,0.341821944,0,0.793801388,0.64590115
522186,0.05343419,0,0.018383161,0.099317873,0.074959718,0.163703357,0.005817073,0,0.001169145,0,0.022128073,0.013545517,0.017973647,0,0,0.002929365,0,0.001336254,0.025993698,0,0,0.499308929,0,0.92625705,0.441917391
523436,0.019085149,0.009628586,0.01239332,0.170906787,0.04799649,0.141588321,0,0,0.021017666,0,0,0.045939667,0.04845466,0,0,0.00487354,0,0.004038143,0.004886572,0,0,0.469191099,0,0.889000234,0.502001693
523790,0.047625396,0,0.021064956,0.126636467,0.07509378,0.146652288,0,0,0.007422287,0,0.060552465,0.022426229,0.026733015,0,0,0.01375917,0,0,0.019524646,0,0,0.432509299,0,0.915771542,0.485411669
523947,0.083201517,0,0.017644678,0.160496852,0.114483761,0.182005025,0,0,0.015495976,0,0.041316723,0.051249965,0.074284004,0,0,0.007827289,0,0.001191574,0.006461415,0,0,0.244341219,0,0.899083545,0.564217663
524512,0.041805048,0.000178312,0.016870039,0.149174892,0.037628384,0.080880073,0.004054399,0,0.036761677,0,0.035714062,0.019460069,0.035516017,0,0,0.005386623,0,0.000514576,0.013649175,0,0,0.522406652,0,0.919738217,0.440573798
524940,0.079806058,0,0.02340282,0.08775224,0,0.163465009,0.002179033,0,0.024002284,0,0.0319789,0.001730847,0.016448303,0,0,0.007666459,0,0.005250415,0,0.012654117,0,0.543663516,0,0.902434845,0.464071587
525060,0.205149826,0,0.02979096,0.115429362,0,0.111923855,0,0,0.012720111,0,0.11764097,0.008122674,0.051288043,0,0,0.004123109,0,0.000749241,0.025604321,0,0,0.317457527,0,0.880878107,0.567140293
525942,0.033789358,0.005002107,0.016264716,0.131867123,0,0.094905786,0.002250068,0,0.031893207,0,0.007518067,0.060698171,0.018338913,0,0,0.005598529,0,0.002784605,0.034139363,0,0,0.554949987,0,0.932604927,0.409009218
525994,0.101850502,0,0.030585348,0.183659009,0,0.150385887,0,0,0.059645596,0,0.038207899,0.067248799,0.056990033,0,0,0,0,0.003819581,0.011124438,0,0,0.296482907,0,0.780022947,0.664638845
526134,0.022036549,0.008333942,0.016146928,0.131025804,0,0.077540336,0.012515743,0,0.013934856,0.008606948,0.075103453,0.061011582,0.037158483,0,0,0.005729022,0,0.010525814,0.02193542,0,0,0.49839512,0,0.840725895,0.559854513
526018,0.122240027,0,0.027186384,0.164078625,0.034514022,0.15151463,0,0,0.059585726,0,0.018940796,0.018901506,0.056915991,0,0,0,0,0.002349664,0.019542905,0,0,0.324229726,0,0.904252977,0.543589502
526725,0.046595038,0.045472672,0.018191449,0.101223396,0.033022944,0.178741167,0.002138492,0,0.013806775,0,0.042537467,0.009670749,0.130306713,0,0,0.006897354,0,0.003739378,0.020421321,0,0,0.347235086,0,0.91312964,0.522066177
526608,0.08936963,0.010565129,0.020623155,0.095965832,0.087177707,0.17897549,0,0,0.012671596,0,0.040002055,0.049518837,0.049932854,0,0,0,0,0.005065064,0.006596643,0,0,0.353536007,0,0.913678825,0.521698779
525466,0.139065404,0,0.034091787,0.188620174,0.02967237,0.234917225,0.016763249,0,0.002285986,0,0.102087204,0,0.04345056,0,0,0,0,0,0.018792721,0,0,0.190253319,0,0.886777342,0.586514032
526788,0.044581307,0,0.01637041,0.048064193,0,0.088698896,0.004320664,0,0.026587918,0,0.040856602,0.012737228,0.063318595,0,0,0.013848454,0,0.009115056,0.022426059,0,0,0.609074618,0,0.938911953,0.369579816
318514,0.056400507,0,0.010799007,0.126692272,0.05074382,0.177674249,0,0,0.005202177,0,0.050839291,0.01268466,0.040630078,0.012353451,0,0.002701472,0,0,0.010461094,0,0,0.442817921,0,0.895042071,0.505227344
526454,0.031940127,0,0.015104789,0.130844504,0.011405902,0.076011726,0.000174988,0,0.036295066,0,0.027137988,0.061438497,0.009616598,0.008094186,0,0,0,0.002717905,0,0.019433531,0,0.569784192,0,0.927620281,0.411246742
527274,0.033701939,0,0.002294072,0.116485152,0.019466209,0.206541403,0.000206056,0,0,0,0.023650001,0.04405019,0,0,0,0.000634338,0,0.002299133,0,0.010321707,0,0.540349801,0,0.942394974,0.393260854
