"","Barcode","Extraction","Library","Sequencing"
"100002",100002,"3","1",1
"100011",100011,"81","21",0
"100042",100042,"31","8",2
"100071",100071,"46","12",3
"100074",100074,"55","12",3
"100080",100080,"76","21",0
"100084",100084,"81","21",0
"100093",100093,"43","11",3
"100096",100096,"70","18",0
"100128",100128,"72","19",0
"100163",100163,"71","18",0
"100183",100183,"67","18",0
"100186",100186,"38","10",3
"100192",100192,"82","21",0
"100203",100203,"3","1",1
"100269",100269,"6","2",1
"100272",100272,"70","18",0
"100314",100314,"68","18",0
"100317",100317,"20","5",2
"100325",100325,"78","19",0
"100330",100330,"80","20",0
"100383",100383,"76","21",0
"100406",100406,"67","18",0
"100421",100421,"1","1",1
"100435",100435,"67","18",0
"100472",100472,"77","21",0
"100514",100514,"41","11",3
"100536",100536,"72","19",0
"100561",100561,"71","18",0
"100591",100591,"41","11",3
"100623",100623,"68","18",0
"100635",100635,"3","1",1
"100642",100642,"69","19",0
"100684",100684,"14","4",1
"100733",100733,"51","13",4
"100780",100780,"4","1",1
"100855",100855,"25","7",2
"100896",100896,"23","6",2
"100899",100899,"44","11",3
"100908",100908,"29","8",2
"100911",100911,"13","4",1
"100933",100933,"51","13",4
"100996",100996,"34","9",3
"101018",101018,"28","7",2
"101021",101021,"70","18",0
"101094",101094,"69","19",0
"101241",101241,"42","11",3
"101292",101292,"18","5",2
"101295",101295,"50","13",4
"101299",101299,"17","5",2
"101306",101306,"10","3",1
"101349",101349,"70","18",0
"101352",101352,"22","6",2
"101528",101528,"12","3",1
"101672",101672,"5","2",1
"101678",101678,"16","4",1
"101681",101681,"25","7",2
"101745",101745,"17","5",2
"101755",101755,"68","18",0
"101858",101858,"21","6",2
"101906",101906,"14","4",1
"102010",102010,"67","18",0
"102013",102013,"46","12",3
"102051",102051,"39","10",3
"102087",102087,"50","13",4
"102113",102113,"69","19",0
"102193",102193,"15","4",1
"102251",102251,"30","8",2
"102434",102434,"27","7",2
"102437",102437,"69","19",0
"102601",102601,"51","13",4
"102610",102610,"71","18",0
"102699",102699,"79","14",4
"102702",102702,"42","11",3
"102711",102711,"77","21",0
"102781",102781,"18","5",2
"102825",102825,"74","20",0
"102828",102828,"2","1",1
"102943",102943,"55","12",3
"102990",102990,"19","5",2
"103031",103031,"24","6",2
"103264",103264,"71","18",0
"103327",103327,"67","18",0
"103370",103370,"50","13",4
"103376",103376,"25","7",2
"103599",103599,"77","21",0
"103605",103605,"50","13",4
"103608",103608,"12","3",1
"103611",103611,"51","13",4
"103698",103698,"25","7",2
"104048",104048,"79","20",0
"104051",104051,"45","12",3
"104346",104346,"71","18",0
"104902",104902,"68","18",0
"105228",105228,"29","8",2
"105335",105335,"74","20",0
"105400",105400,"75","20",0
"107584",107584,"67","18",0
"107831",107831,"68","18",0
"108680",108680,"5","14",4
"108683",108683,"72","19",0
"108865",108865,"71","14",4
"109398",109398,"17","5",2
"109401",109401,"9","3",1
"109522",109522,"9","3",1
"109525",109525,"14","4",1
"109528",109528,"28","7",2
"109740",109740,"27","7",2
"109864",109864,"25","7",2
"110152",110152,"39","10",3
"110155",110155,"14","4",1
"110374",110374,"71","18",0
"110513",110513,"45","12",3
"110740",110740,"67","18",0
"111101",111101,"26","7",2
"111430",111430,"48","12",3
"111433",111433,"75","20",0
"111436",111436,"10","3",1
"111481",111481,"31","8",2
"112485",112485,"71","18",0
"112488",112488,"1","1",1
"112944",112944,"79","14",4
"113084",113084,"8","2",1
"113326",113326,"17","5",2
"113329",113329,"36","9",3
"113642",113642,"19","5",2
"113749",113749,"6","2",1
"114117",114117,"70","18",0
"114242",114242,"55","12",3
"114348",114348,"78","19",0
"114433",114433,"39","10",3
"114541",114541,"31","8",2
"114845",114845,"40","10",3
"114872",114872,"38","10",3
"115228",115228,"72","19",0
"115401",115401,"70","18",0
"115520",115520,"80","20",0
"115525",115525,"39","10",3
"115594",115594,"36","9",3
"115680",115680,"28","7",2
"115846",115846,"40","10",3
"115849",115849,"45","12",3
"115945",115945,"70","18",0
"116120",116120,"40","10",3
"116341",116341,"74","20",0
"116362",116362,"46","12",3
"116427",116427,"78","19",0
"116521",116521,"36","9",3
"116645",116645,"53","14",4
"116648",116648,"3","1",1
"116688",116688,"44","11",3
"116713",116713,"43","11",3
"116984",116984,"79","20",0
"117076",117076,"44","11",3
"117192",117192,"32","8",2
"117195",117195,"3","1",1
"117340",117340,"50","13",4
"117687",117687,"82","21",0
"117773",117773,"29","8",2
"118019",118019,"33","9",3
"118111",118111,"20","5",2
"118114",118114,"41","11",3
"118453",118453,"47","12",3
"118540",118540,"67","18",0
"118586",118586,"48","12",3
"118652",118652,"31","8",2
"118862",118862,"71","18",0
"118910",118910,"18","5",2
"119030",119030,"81","21",0
"119145",119145,"30","8",2
"119370",119370,"69","19",0
"119393",119393,"24","6",2
"119399",119399,"8","2",1
"119408",119408,"7","2",1
"119714",119714,"75","14",4
"119807",119807,"67","18",0
"119877",119877,"16","4",1
"120075",120075,"35","9",3
"120132",120132,"73","19",0
"120160",120160,"11","3",1
"120166",120166,"37","10",3
"120175",120175,"78","19",0
"120257",120257,"32","8",2
"120861",120861,"48","12",3
"120878",120878,"73","19",0
"121029",121029,"80","21",0
"121511",121511,"74","20",0
"121804",121804,"1","1",1
"121890",121890,"26","7",2
"121984",121984,"72","19",0
"122024",122024,"77","21",0
"122140",122140,"72","19",0
"122262",122262,"34","9",3
"122483",122483,"4","1",1
"122523",122523,"32","8",2
"122539",122539,"21","6",2
"122619",122619,"68","18",0
"122880",122880,"67","18",0
"123050",123050,"3","1",1
"123295",123295,"30","8",2
"123310",123310,"79","20",0
"123541",123541,"67","18",0
"123583",123583,"34","9",3
"123799",123799,"69","19",0
"123930",123930,"29","8",2
"123933",123933,"18","5",2
"123942",123942,"10","3",1
"123978",123978,"72","19",0
"124057",124057,"72","19",0
"124214",124214,"42","11",3
"124217",124217,"80","20",0
"124387",124387,"22","6",2
"124771",124771,"4","1",1
"125015",125015,"36","9",3
"137329",137329,"39","10",3
"138417",138417,"81","21",0
"138471",138471,"22","6",2
"138944",138944,"30","8",2
"139099",139099,"28","7",2
"139455",139455,"42","11",3
"142584",142584,"82","21",0
"142611",142611,"20","5",2
"142626",142626,"24","6",2
"142642",142642,"30","8",2
"142758",142758,"29","8",2
"142819",142819,"77","21",0
"142840",142840,"82","21",0
"142947",142947,"15","4",1
"142958",142958,"37","10",3
"142982",142982,"24","6",2
"143043",143043,"75","20",0
"143049",143049,"81","21",0
"143060",143060,"73","19",0
"143066",143066,"76","21",0
"143087",143087,"80","20",0
"143113",143113,"34","9",3
"143230",143230,"56","8",2
"143266",143266,"42","11",3
"143284",143284,"19","5",2
"143391",143391,"75","20",0
"143407",143407,"33","9",3
"143419",143419,"14","4",1
"143444",143444,"81","21",0
"143451",143451,"22","6",2
"143464",143464,"78","19",0
"143568",143568,"43","11",3
"143611",143611,"2","1",1
"143617",143617,"19","5",2
"143758",143758,"75","20",0
"143764",143764,"75","20",0
"143782",143782,"79","20",0
"144164",144164,"40","10",3
"144206",144206,"82","21",0
"144494",144494,"5","2",1
"300002",300002,"69","19",0
"300009",300009,"27","7",2
"300017",300017,"7","2",1
"300026",300026,"44","11",3
"300029",300029,"69","19",0
"300048",300048,"69","19",0
"300069",300069,"48","12",3
"300072",300072,"9","3",1
"300101",300101,"10","3",1
"300104",300104,"5","14",4
"300109",300109,"47","12",3
"300112",300112,"52","13",4
"300133",300133,"3","1",1
"300136",300136,"70","18",0
"300142",300142,"78","19",0
"300152",300152,"4","1",1
"300158",300158,"29","8",2
"300168",300168,"34","9",3
"300174",300174,"35","9",3
"300177",300177,"21","6",2
"300194",300194,"23","6",2
"300203",300203,"52","13",4
"300207",300207,"32","14",4
"300212",300212,"26","7",2
"300243",300243,"9","3",1
"300246",300246,"21","6",2
"300254",300254,"42","11",3
"300273",300273,"35","9",3
"300283",300283,"41","11",3
"300291",300291,"68","18",0
"300313",300313,"12","3",1
"300373",300373,"5","14",4
"300379",300379,"12","3",1
"300385",300385,"39","10",3
"300390",300390,"19","5",2
"300399",300399,"13","14",4
"300402",300402,"24","6",2
"300405",300405,"29","8",2
"300432",300432,"34","9",3
"300445",300445,"28","7",2
"300456",300456,"16","4",1
"300460",300460,"17","5",2
"300463",300463,"16","4",1
"300496",300496,"7","2",1
"300511",300511,"23","6",2
"300521",300521,"39","10",3
"300527",300527,"46","12",3
"300545",300545,"25","7",2
"300549",300549,"14","4",1
"300578",300578,"14","4",1
"300641",300641,"11","3",1
"300653",300653,"32","8",2
"300661",300661,"37","10",3
"300680",300680,"49","13",4
"300683",300683,"52","13",4
"300691",300691,"13","4",1
"300707",300707,"14","4",1
"300708",300708,"2","1",1
"300713",300713,"30","8",2
"300740",300740,"51","13",4
"300779",300779,"71","14",4
"300795",300795,"20","5",2
"300849",300849,"48","12",3
"300853",300853,"21","6",2
"300862",300862,"8","2",1
"300865",300865,"16","4",1
"300918",300918,"20","5",2
"300921",300921,"27","7",2
"300941",300941,"48","12",3
"300944",300944,"10","3",1
"300995",300995,"67","18",0
"301032",301032,"26","7",2
"301035",301035,"46","12",3
"301050",301050,"6","2",1
"301070",301070,"78","19",0
"301083",301083,"16","4",1
"301124",301124,"29","8",2
"301161",301161,"41","11",3
"301202",301202,"23","6",2
"301249",301249,"51","13",4
"301377",301377,"42","11",3
"301490",301490,"33","9",3
"301530",301530,"50","13",4
"301543",301543,"7","2",1
"301569",301569,"38","10",3
"301613",301613,"11","3",1
"301671",301671,"18","5",2
"301710",301710,"2","1",1
"301724",301724,"3","1",1
"301730",301730,"63","17",5
"301805",301805,"40","10",3
"301819",301819,"33","9",3
"301849",301849,"74","20",0
"301856",301856,"44","11",3
"301858",301858,"38","10",3
"301886",301886,"81","21",0
"301904",301904,"44","11",3
"301947",301947,"49","13",4
"301962",301962,"35","9",3
"301966",301966,"20","5",2
"301979",301979,"68","18",0
"301998",301998,"46","12",3
"302011",302011,"6","2",1
"302050",302050,"13","4",1
"302061",302061,"6","2",1
"302103",302103,"40","10",3
"302211",302211,"70","18",0
"302239",302239,"70","18",0
"302267",302267,"68","18",0
"302392",302392,"12","3",1
"302402",302402,"26","7",2
"302442",302442,"15","4",1
"302473",302473,"30","8",2
"302503",302503,"42","11",3
"302506",302506,"40","10",3
"302582",302582,"69","19",0
"302585",302585,"35","9",3
"302818",302818,"45","12",3
"302915",302915,"39","10",3
"303033",303033,"22","6",2
"303117",303117,"19","5",2
"303195",303195,"53","14",4
"303275",303275,"2","1",1
"303319",303319,"9","3",1
"303441",303441,"13","4",1
"303527",303527,"77","21",0
"303695",303695,"19","5",2
"303965",303965,"51","13",4
"304022",304022,"16","4",1
"304045",304045,"19","5",2
"304163",304163,"31","8",2
"304166",304166,"56","8",2
"304214",304214,"45","12",3
"304242",304242,"27","7",2
"304375",304375,"13","4",1
"304619",304619,"5","2",1
"304624",304624,"38","10",3
"304693",304693,"52","13",4
"304742",304742,"32","8",2
"304952",304952,"36","9",3
"304983",304983,"5","2",1
"305137",305137,"49","13",4
"307063",307063,"34","9",3
"307333",307333,"73","19",0
"307346",307346,"82","21",0
"307380",307380,"50","13",4
"307406",307406,"78","19",0
"307504",307504,"72","19",0
"307589",307589,"20","5",2
"307592",307592,"32","8",2
"307626",307626,"70","18",0
"307867",307867,"80","20",0
"307870",307870,"82","21",0
"307976",307976,"42","11",3
"307982",307982,"70","18",0
"308004",308004,"68","18",0
"308049",308049,"6","2",1
"308317",308317,"22","6",2
"308546",308546,"12","3",1
"308706",308706,"35","9",3
"308806",308806,"76","21",0
"308945",308945,"44","11",3
"308948",308948,"8","2",1
"309078",309078,"2","1",1
"309083",309083,"26","7",2
"309111",309111,"13","4",1
"309163",309163,"57","4",1
"309303",309303,"71","18",0
"309353",309353,"4","1",1
"309364",309364,"79","20",0
"309453",309453,"75","20",0
"309611",309611,"28","7",2
"309776",309776,"6","14",4
"309833",309833,"47","12",3
"310067",310067,"24","6",2
"310128",310128,"24","6",2
"310212",310212,"16","4",1
"310424",310424,"11","3",1
"310468",310468,"13","4",1
"310474",310474,"37","10",3
"310520",310520,"49","13",4
"310523",310523,"1","1",1
"310718",310718,"24","6",2
"310891",310891,"21","6",2
"310970",310970,"23","6",2
"311002",311002,"81","21",0
"311236",311236,"82","21",0
"311239",311239,"18","5",2
"311423",311423,"22","6",2
"311453",311453,"15","4",1
"311532",311532,"2","1",1
"311575",311575,"37","10",3
"311625",311625,"11","3",1
"311646",311646,"53","14",4
"311696",311696,"21","6",2
"311708",311708,"1","1",1
"311711",311711,"69","19",0
"311765",311765,"46","12",3
"311808",311808,"43","11",3
"311811",311811,"23","6",2
"311814",311814,"47","12",3
"311819",311819,"22","6",2
"312007",312007,"50","13",4
"312137",312137,"27","7",2
"312499",312499,"36","9",3
"312510",312510,"16","4",1
"312666",312666,"53","14",4
"312675",312675,"11","3",1
"312770",312770,"20","5",2
"312899",312899,"11","3",1
"313422",313422,"8","2",1
"313490",313490,"57","4",1
"313551",313551,"47","12",3
"313560",313560,"67","18",0
"313755",313755,"33","9",3
"313798",313798,"51","13",4
"313812",313812,"74","20",0
"313859",313859,"75","20",0
"314087",314087,"4","1",1
"314106",314106,"7","2",1
"314109",314109,"76","21",0
"314153",314153,"72","19",0
"314344",314344,"68","18",0
"314347",314347,"33","9",3
"314374",314374,"43","11",3
"314474",314474,"55","12",3
"314582",314582,"28","7",2
"314608",314608,"24","6",2
"314808",314808,"15","4",1
"315020",315020,"1","1",1
"315245",315245,"71","18",0
"315344",315344,"28","7",2
"315538",315538,"81","21",0
"315618",315618,"81","21",0
"315628",315628,"76","21",0
"315698",315698,"55","12",3
"315740",315740,"57","4",1
"315788",315788,"41","11",3
"315827",315827,"73","19",0
"315842",315842,"10","3",1
"315867",315867,"27","7",2
"315884",315884,"41","11",3
"315917",315917,"73","19",0
"315957",315957,"9","3",1
"316112",316112,"17","5",2
"316143",316143,"12","3",1
"316200",316200,"71","18",0
"316267",316267,"52","13",4
"316277",316277,"37","10",3
"316294",316294,"15","4",1
"316297",316297,"39","10",3
"316317",316317,"72","19",0
"316320",316320,"68","18",0
"316323",316323,"47","12",3
"316730",316730,"75","20",0
"316786",316786,"20","5",2
"318514",318514,"24","6",2
"318518",318518,"16","4",1
"322575",322575,"77","21",0
"322589",322589,"73","19",0
"322823",322823,"51","13",4
"323679",323679,"46","12",3
"323828",323828,"73","19",0
"323896",323896,"41","11",3
"324572",324572,"77","21",0
"324713",324713,"73","19",0
"324775",324775,"74","20",0
"324780",324780,"20","5",2
"324807",324807,"12","3",1
"324870",324870,"14","4",1
"324936",324936,"76","21",0
"324986",324986,"43","11",3
"325028",325028,"46","12",3
"325034",325034,"57","4",1
"325040",325040,"77","21",0
"325058",325058,"22","6",2
"325076",325076,"17","5",2
"325137",325137,"78","19",0
"325209",325209,"47","12",3
"325256",325256,"55","12",3
"325339",325339,"49","13",4
"325357",325357,"45","12",3
"325364",325364,"34","9",3
"325393",325393,"74","20",0
"325399",325399,"33","9",3
"325462",325462,"47","12",3
"325487",325487,"13","4",1
"325508",325508,"74","20",0
"325548",325548,"43","11",3
"325692",325692,"49","13",4
"325757",325757,"3","1",1
"325798",325798,"24","6",2
"325819",325819,"38","10",3
"325873",325873,"16","4",1
"325883",325883,"33","9",3
"325942",325942,"39","10",3
"325949",325949,"33","9",3
"325998",325998,"40","10",3
"326012",326012,"23","6",2
"327730",327730,"41","11",3
"500133",500133,"58","15",5
"500190",500190,"52","13",4
"500194",500194,"82","21",0
"500210",500210,"61","16",5
"500216",500216,"81","21",0
"500235",500235,"17","5",2
"500320",500320,"61","16",5
"500418",500418,"58","15",5
"500446",500446,"22","6",2
"500513",500513,"19","5",2
"500550",500550,"48","12",3
"500566",500566,"2","1",1
"500580",500580,"74","20",0
"500605",500605,"1","1",1
"500634",500634,"80","20",0
"500652",500652,"59","15",5
"500665",500665,"16","4",1
"500726",500726,"11","3",1
"500785",500785,"59","15",5
"500811",500811,"48","12",3
"500826",500826,"74","20",0
"500884",500884,"29","8",2
"500889",500889,"47","12",3
"500902",500902,"37","10",3
"501031",501031,"59","15",5
"501086",501086,"30","8",2
"501122",501122,"43","11",3
"501221",501221,"27","7",2
"501253",501253,"33","9",3
"501388",501388,"42","11",3
"501419",501419,"64","17",5
"501474",501474,"44","11",3
"501488",501488,"33","9",3
"501496",501496,"74","20",0
"501642",501642,"58","15",5
"501691",501691,"38","10",3
"501711",501711,"82","21",0
"501755",501755,"64","17",5
"501785",501785,"62","16",5
"501847",501847,"59","15",5
"501881",501881,"60","15",5
"501991",501991,"7","2",1
"502005",502005,"13","4",1
"502031",502031,"62","16",5
"502068",502068,"22","6",2
"502087",502087,"10","3",1
"502168",502168,"61","16",5
"502257",502257,"79","20",0
"502360",502360,"64","17",5
"502382",502382,"47","12",3
"502438",502438,"64","17",5
"502449",502449,"30","8",2
"502457",502457,"17","5",2
"502512",502512,"15","4",1
"502530",502530,"76","21",0
"502545",502545,"58","15",5
"502559",502559,"30","8",2
"502687",502687,"63","17",5
"502716",502716,"59","15",5
"502803",502803,"64","17",5
"502841",502841,"64","17",5
"502895",502895,"62","16",5
"502928",502928,"61","16",5
"502942",502942,"42","11",3
"502947",502947,"58","15",5
"502952",502952,"65","17",5
"503112",503112,"27","7",2
"503159",503159,"25","7",2
"503197",503197,"59","15",5
"503308",503308,"59","15",5
"503315",503315,"8","2",1
"503322",503322,"35","9",3
"503437",503437,"59","15",5
"503452",503452,"77","21",0
"503467",503467,"59","15",5
"503562",503562,"51","13",4
"503580",503580,"23","6",2
"503612",503612,"46","12",3
"503688",503688,"79","20",0
"503703",503703,"8","2",1
"503730",503730,"53","14",4
"503733",503733,"79","20",0
"503869",503869,"29","8",2
"503883",503883,"24","6",2
"503899",503899,"16","4",1
"503938",503938,"1","1",1
"503953",503953,"52","13",4
"503965",503965,"28","7",2
"504024",504024,"78","19",0
"504110",504110,"59","15",5
"504141",504141,"58","15",5
"504235",504235,"61","16",5
"504280",504280,"65","17",5
"504379",504379,"58","15",5
"504526",504526,"25","7",2
"504766",504766,"64","17",5
"504779",504779,"65","17",5
"504792",504792,"46","12",3
"504965",504965,"58","15",5
"504991",504991,"30","8",2
"504999",504999,"36","9",3
"505027",505027,"30","8",2
"505090",505090,"21","6",2
"505096",505096,"2","1",1
"505106",505106,"65","17",5
"505112",505112,"61","16",5
"505165",505165,"61","16",5
"505187",505187,"36","9",3
"505211",505211,"59","15",5
"505317",505317,"81","21",0
"505340",505340,"20","5",2
"505347",505347,"18","5",2
"505431",505431,"18","5",2
"505436",505436,"35","9",3
"505517",505517,"2","1",1
"505535",505535,"58","15",5
"505555",505555,"12","14",4
"505744",505744,"40","10",3
"505751",505751,"61","16",5
"505776",505776,"45","12",3
"505981",505981,"51","13",4
"505984",505984,"36","9",3
"506008",506008,"24","6",2
"506094",506094,"78","19",0
"506108",506108,"11","3",1
"506134",506134,"5","2",1
"506190",506190,"5","2",1
"506254",506254,"31","8",2
"506315",506315,"23","14",4
"506354",506354,"46","12",3
"506415",506415,"11","3",1
"506481",506481,"22","6",2
"506539",506539,"18","5",2
"506546",506546,"53","14",4
"506737",506737,"12","3",1
"506774",506774,"46","12",3
"506789",506789,"49","13",4
"506859",506859,"32","8",2
"506917",506917,"42","11",3
"506931",506931,"39","10",3
"506954",506954,"5","2",1
"506968",506968,"32","8",2
"506982",506982,"9","3",1
"506989",506989,"64","17",5
"506995",506995,"20","5",2
"507056",507056,"60","15",5
"507226",507226,"47","12",3
"507312",507312,"14","4",1
"507343",507343,"75","20",0
"507366",507366,"65","17",5
"507401",507401,"59","15",5
"507464",507464,"8","2",1
"507555",507555,"59","15",5
"507592",507592,"14","4",1
"507607",507607,"16","4",1
"507630",507630,"59","15",5
"507664",507664,"28","7",2
"508083",508083,"65","17",5
"508099",508099,"73","19",0
"508115",508115,"7","2",1
"508119",508119,"6","14",4
"508163",508163,"61","16",5
"508198",508198,"61","16",5
"508253",508253,"73","19",0
"508275",508275,"62","16",5
"508416",508416,"55","12",3
"508444",508444,"43","11",3
"508479",508479,"61","16",5
"508486",508486,"62","16",5
"508533",508533,"47","12",3
"508566",508566,"63","16",5
"508635",508635,"11","3",1
"508652",508652,"42","11",3
"508695",508695,"61","16",5
"508700",508700,"8","2",1
"508705",508705,"5","2",1
"508713",508713,"43","11",3
"508799",508799,"9","3",1
"508815",508815,"62","16",5
"508833",508833,"63","17",5
"508890",508890,"17","5",2
"508935",508935,"10","3",1
"508945",508945,"33","9",3
"508973",508973,"12","3",1
"509117",509117,"9","3",1
"509140",509140,"60","15",5
"509217",509217,"58","15",5
"509232",509232,"77","21",0
"509305",509305,"62","16",5
"509400",509400,"29","8",2
"509425",509425,"34","9",3
"509532",509532,"59","15",5
"509567",509567,"52","13",4
"509573",509573,"13","4",1
"509597",509597,"50","13",4
"509681",509681,"58","15",5
"509699",509699,"80","20",0
"510106",510106,"21","6",2
"510253",510253,"61","16",5
"510284",510284,"7","2",1
"510335",510335,"23","6",2
"510347",510347,"13","4",1
"510394",510394,"64","17",5
"510414",510414,"65","17",5
"510417",510417,"35","9",3
"510537",510537,"59","15",5
"510572",510572,"59","15",5
"510642",510642,"58","15",5
"510850",510850,"58","15",5
"511147",511147,"65","17",5
"511166",511166,"65","17",5
"511908",511908,"58","15",5
"511934",511934,"62","16",5
"511944",511944,"65","17",5
"512006",512006,"10","3",1
"512077",512077,"15","4",1
"512092",512092,"58","15",5
"512176",512176,"50","13",4
"512222",512222,"64","17",5
"512238",512238,"60","15",5
"512253",512253,"62","16",5
"512307",512307,"29","8",2
"512317",512317,"58","15",5
"512359",512359,"62","16",5
"512508",512508,"45","12",3
"512517",512517,"61","16",5
"512537",512537,"45","12",3
"512567",512567,"65","17",5
"512611",512611,"6","2",1
"512636",512636,"36","9",3
"512652",512652,"14","4",1
"512706",512706,"12","3",1
"512723",512723,"31","8",2
"512763",512763,"59","15",5
"512772",512772,"59","15",5
"512788",512788,"73","19",0
"512848",512848,"37","10",3
"512892",512892,"59","15",5
"512908",512908,"61","16",5
"512932",512932,"31","8",2
"512974",512974,"19","5",2
"512981",512981,"15","4",1
"513021",513021,"64","17",5
"513052",513052,"9","3",1
"513076",513076,"38","10",3
"513128",513128,"28","7",2
"513160",513160,"32","8",2
"513176",513176,"64","17",5
"513300",513300,"78","19",0
"513314",513314,"61","16",5
"513321",513321,"65","17",5
"513369",513369,"65","17",5
"513377",513377,"62","16",5
"513509",513509,"63","17",5
"513516",513516,"35","9",3
"513523",513523,"37","10",3
"513612",513612,"34","9",3
"513632",513632,"64","17",5
"513647",513647,"61","16",5
"513680",513680,"58","15",5
"513704",513704,"77","21",0
"513847",513847,"36","9",3
"513913",513913,"40","10",3
"514207",514207,"61","16",5
"514231",514231,"62","16",5
"514269",514269,"61","16",5
"514345",514345,"22","6",2
"514359",514359,"27","7",2
"514397",514397,"45","12",3
"514412",514412,"63","16",5
"514562",514562,"25","7",2
"514580",514580,"64","17",5
"514592",514592,"58","15",5
"514605",514605,"77","21",0
"514870",514870,"59","15",5
"515048",515048,"4","1",1
"515123",515123,"65","17",5
"515161",515161,"62","16",5
"515221",515221,"38","10",3
"515270",515270,"69","19",0
"515369",515369,"48","12",3
"515440",515440,"49","13",4
"515452",515452,"26","7",2
"515456",515456,"62","16",5
"515468",515468,"64","17",5
"515546",515546,"64","17",5
"515607",515607,"62","16",5
"515693",515693,"23","6",2
"515783",515783,"11","3",1
"515851",515851,"33","9",3
"515902",515902,"59","15",5
"515914",515914,"4","1",1
"515969",515969,"8","2",1
"515976",515976,"67","18",0
"516064",516064,"58","15",5
"516079",516079,"21","6",2
"516102",516102,"64","17",5
"516140",516140,"63","16",5
"516204",516204,"49","13",4
"516240",516240,"39","10",3
"516291",516291,"10","3",1
"516311",516311,"41","11",3
"516323",516323,"11","3",1
"516355",516355,"52","13",4
"516372",516372,"35","9",3
"516396",516396,"68","18",0
"516417",516417,"3","1",1
"516467",516467,"59","15",5
"516502",516502,"62","16",5
"516532",516532,"34","9",3
"516539",516539,"28","7",2
"516555",516555,"65","17",5
"516575",516575,"7","14",4
"516608",516608,"65","17",5
"516696",516696,"52","13",4
"516723",516723,"24","6",2
"516735",516735,"49","13",4
"516758",516758,"61","16",5
"516798",516798,"63","17",5
"516817",516817,"61","16",5
"516851",516851,"58","15",5
"516861",516861,"61","16",5
"516877",516877,"63","17",5
"516894",516894,"62","16",5
"516941",516941,"59","15",5
"516956",516956,"59","15",5
"516998",516998,"71","18",0
"517024",517024,"55","12",3
"517046",517046,"43","11",3
"517062",517062,"36","9",3
"517183",517183,"71","18",0
"517196",517196,"25","7",2
"517211",517211,"32","14",4
"517236",517236,"28","7",2
"517263",517263,"24","6",2
"517301",517301,"26","7",2
"517317",517317,"59","15",5
"517359",517359,"65","17",5
"517392",517392,"63","17",5
"517424",517424,"53","14",4
"517452",517452,"61","16",5
"517466",517466,"65","17",5
"517523",517523,"26","7",2
"517566",517566,"17","5",2
"517612",517612,"43","11",3
"517658",517658,"74","20",0
"517721",517721,"38","10",3
"517729",517729,"79","20",0
"517741",517741,"59","15",5
"517798",517798,"30","8",2
"517855",517855,"21","6",2
"517954",517954,"2","1",1
"518037",518037,"59","15",5
"518052",518052,"65","17",5
"518067",518067,"37","10",3
"518083",518083,"62","16",5
"518116",518116,"38","10",3
"518191",518191,"64","17",5
"518221",518221,"64","17",5
"518240",518240,"44","11",3
"518265",518265,"75","20",0
"518300",518300,"65","17",5
"518328",518328,"3","1",1
"518374",518374,"58","15",5
"518459",518459,"16","4",1
"518476",518476,"35","9",3
"518518",518518,"55","14",4
"518533",518533,"31","8",2
"518543",518543,"59","15",5
"518581",518581,"61","16",5
"518624",518624,"15","4",1
"518635",518635,"28","7",2
"518662",518662,"64","17",5
"518717",518717,"52","13",4
"518756",518756,"69","19",0
"518768",518768,"5","2",1
"518856",518856,"39","10",3
"518885",518885,"65","17",5
"518913",518913,"62","16",5
"518924",518924,"61","16",5
"518946",518946,"20","5",2
"518999",518999,"25","7",2
"519011",519011,"12","3",1
"519026",519026,"26","7",2
"519035",519035,"60","15",5
"519145",519145,"33","9",3
"519189",519189,"1","1",1
"519208",519208,"19","5",2
"519218",519218,"46","12",3
"519239",519239,"29","8",2
"519255",519255,"36","9",3
"519330",519330,"14","4",1
"519368",519368,"61","16",5
"519395",519395,"55","12",3
"519472",519472,"67","18",0
"519482",519482,"8","2",1
"519520",519520,"65","17",5
"519571",519571,"58","15",5
"519583",519583,"60","15",5
"519656",519656,"78","19",0
"519701",519701,"6","2",1
"519744",519744,"70","18",0
"519786",519786,"64","17",5
"519809",519809,"62","16",5
"519831",519831,"26","7",2
"519930",519930,"47","12",3
"519952",519952,"45","12",3
"519989",519989,"17","5",2
"520065",520065,"67","18",0
"520085",520085,"15","4",1
"520091",520091,"72","19",0
"520135",520135,"69","19",0
"520168",520168,"70","18",0
"520260",520260,"55","12",3
"520267",520267,"72","19",0
"520318",520318,"79","20",0
"520364",520364,"46","12",3
"520374",520374,"2","1",1
"520398",520398,"58","15",5
"520415",520415,"10","3",1
"520449",520449,"64","17",5
"520541",520541,"59","15",5
"520638",520638,"62","16",5
"520694",520694,"80","20",0
"520705",520705,"65","17",5
"520753",520753,"58","15",5
"520780",520780,"64","17",5
"520823",520823,"45","12",3
"520874",520874,"62","16",5
"520924",520924,"28","7",2
"520952",520952,"25","7",2
"520980",520980,"39","10",3
"521070",521070,"67","18",0
"521101",521101,"23","6",2
"521107",521107,"68","18",0
"521114",521114,"21","6",2
"521137",521137,"74","20",0
"521159",521159,"13","4",1
"521193",521193,"77","21",0
"521220",521220,"64","17",5
"521233",521233,"62","16",5
"521273",521273,"62","16",5
"521300",521300,"66","17",5
"521320",521320,"63","16",5
"521376",521376,"61","16",5
"521416",521416,"63","17",5
"521426",521426,"15","4",1
"521453",521453,"63","17",5
"521468",521468,"34","9",3
"521518",521518,"58","15",5
"521568",521568,"58","15",5
"521605",521605,"7","2",1
"521677",521677,"65","17",5
"521745",521745,"44","11",3
"521799",521799,"12","3",1
"521822",521822,"8","2",1
"521829",521829,"52","13",4
"521840",521840,"68","18",0
"521859",521859,"4","1",1
"521884",521884,"47","12",3
"521901",521901,"33","9",3
"521926",521926,"61","16",5
"521959",521959,"32","14",4
"521973",521973,"64","17",5
"521996",521996,"60","15",5
"522011",522011,"3","1",1
"522022",522022,"59","15",5
"522062",522062,"58","15",5
"522107",522107,"65","17",5
"522120",522120,"65","17",5
"522138",522138,"58","15",5
"522172",522172,"59","15",5
"522186",522186,"41","11",3
"522216",522216,"62","16",5
"522278",522278,"69","19",0
"522294",522294,"18","5",2
"522300",522300,"19","5",2
"522313",522313,"31","8",2
"522339",522339,"19","5",2
"522345",522345,"81","21",0
"522350",522350,"4","1",1
"522387",522387,"49","13",4
"522397",522397,"72","19",0
"522416",522416,"38","10",3
"522429",522429,"4","1",1
"522474",522474,"18","5",2
"522491",522491,"30","8",2
"522556",522556,"51","13",4
"522575",522575,"16","4",1
"522619",522619,"9","3",1
"522637",522637,"17","5",2
"522699",522699,"19","5",2
"522729",522729,"63","16",5
"522744",522744,"73","19",0
"522760",522760,"63","16",5
"522847",522847,"63","16",5
"522953",522953,"39","10",3
"522998",522998,"13","4",1
"523036",523036,"53","14",4
"523051",523051,"63","17",5
"523103",523103,"65","17",5
"523118",523118,"58","15",5
"523204",523204,"20","5",2
"523209",523209,"52","13",4
"523231",523231,"26","7",2
"523294",523294,"76","21",0
"523323",523323,"49","13",4
"523367",523367,"62","16",5
"523425",523425,"58","15",5
"523436",523436,"65","17",5
"523500",523500,"58","15",5
"523507",523507,"24","6",2
"523529",523529,"68","18",0
"523569",523569,"9","3",1
"523631",523631,"59","15",5
"523685",523685,"82","21",0
"523699",523699,"18","5",2
"523706",523706,"45","12",3
"523737",523737,"80","20",0
"523790",523790,"29","8",2
"523828",523828,"50","13",4
"523863",523863,"6","2",1
"523874",523874,"76","21",0
"523947",523947,"21","6",2
"523975",523975,"65","17",5
"523990",523990,"1","1",1
"524051",524051,"64","17",5
"524169",524169,"59","15",5
"524184",524184,"75","20",0
"524202",524202,"25","7",2
"524206",524206,"53","14",4
"524235",524235,"3","1",1
"524249",524249,"10","3",1
"524296",524296,"52","13",4
"524322",524322,"8","2",1
"524340",524340,"43","11",3
"524393",524393,"28","7",2
"524399",524399,"40","10",3
"524470",524470,"65","17",5
"524512",524512,"61","16",5
"524542",524542,"32","8",2
"524557",524557,"28","7",2
"524572",524572,"5","14",4
"524584",524584,"27","7",2
"524614",524614,"44","11",3
"524628",524628,"3","1",1
"524641",524641,"62","16",5
"524656",524656,"64","17",5
"524759",524759,"34","9",3
"524778",524778,"53","14",4
"524832",524832,"48","12",3
"524885",524885,"14","4",1
"524895",524895,"52","13",4
"524908",524908,"61","16",5
"524940",524940,"62","16",5
"524950",524950,"6","2",1
"525013",525013,"46","12",3
"525060",525060,"57","4",1
"525173",525173,"64","17",5
"525193",525193,"58","15",5
"525225",525225,"53","14",4
"525298",525298,"36","9",3
"525336",525336,"14","4",1
"525356",525356,"34","9",3
"525378",525378,"67","18",0
"525439",525439,"60","15",5
"525449",525449,"61","16",5
"525466",525466,"9","3",1
"525593",525593,"58","15",5
"525622",525622,"49","13",4
"525644",525644,"71","18",0
"525681",525681,"67","18",0
"525686",525686,"68","18",0
"525719",525719,"19","5",2
"525770",525770,"9","3",1
"525777",525777,"22","6",2
"525806",525806,"64","17",5
"525843",525843,"53","14",4
"525850",525850,"64","17",5
"525886",525886,"78","19",0
"525911",525911,"31","8",2
"525942",525942,"62","16",5
"525979",525979,"24","6",2
"525994",525994,"63","16",5
"526018",526018,"17","5",2
"526034",526034,"2","1",1
"526058",526058,"61","16",5
"526075",526075,"44","11",3
"526109",526109,"64","17",5
"526134",526134,"64","17",5
"526147",526147,"60","15",5
"526164",526164,"63","17",5
"526247",526247,"72","19",0
"526254",526254,"16","4",1
"526285",526285,"22","6",2
"526296",526296,"9","3",1
"526324",526324,"35","9",3
"526355",526355,"33","9",3
"526454",526454,"4","1",1
"526513",526513,"65","17",5
"526608",526608,"26","7",2
"526622",526622,"63","16",5
"526725",526725,"38","10",3
"526745",526745,"64","17",5
"526788",526788,"74","20",0
"526821",526821,"71","18",0
"526831",526831,"46","12",3
"526919",526919,"69","19",0
"526931",526931,"49","13",4
"526953",526953,"50","13",4
"526970",526970,"19","5",2
"526987",526987,"31","8",2
"527009",527009,"4","1",1
"527038",527038,"35","9",3
"527056",527056,"3","1",1
"527073",527073,"17","5",2
"527080",527080,"53","14",4
"527096",527096,"1","1",1
"527180",527180,"20","5",2
"527186",527186,"26","7",2
"527258",527258,"75","20",0
"527274",527274,"30","8",2
"527330",527330,"32","8",2
"527434",527434,"70","18",0
"527565",527565,"45","12",3
"527572",527572,"68","18",0
"527593",527593,"73","19",0
"527834",527834,"12","3",1
"527851",527851,"21","6",2
"527855",527855,"51","13",4
"527881",527881,"23","6",2
"527901",527901,"1","1",1
"527917",527917,"81","21",0
"527934",527934,"28","7",2
"527940",527940,"79","20",0
"528214",528214,"33","9",3
"528233",528233,"48","12",3
"528281",528281,"36","9",3
"528349",528349,"52","13",4
"528367",528367,"13","4",1
"528382",528382,"43","11",3
"528407",528407,"38","10",3
"528420",528420,"32","8",2
"528438",528438,"2","1",1
"528449",528449,"43","11",3
"528460",528460,"27","7",2
"528513",528513,"70","18",0
"528579",528579,"41","11",3
"528585",528585,"23","6",2
"528623",528623,"4","1",1
"528627",528627,"30","8",2
"528633",528633,"22","6",2
"528663",528663,"9","3",1
"528761",528761,"74","20",0
"529036",529036,"14","4",1
"529042",529042,"68","18",0
"529066",529066,"39","10",3
"529100",529100,"80","14",4
"529158",529158,"72","19",0
"529180",529180,"76","21",0
"529182",529182,"47","12",3
"529266",529266,"68","18",0
"529315",529315,"24","6",2
"529352",529352,"3","1",1
"529385",529385,"56","8",2
"529397",529397,"3","1",1
"529427",529427,"41","11",3
"529433",529433,"23","6",2
"529524",529524,"70","18",0
"529606",529606,"40","10",3
"529656",529656,"42","11",3
"529668",529668,"7","2",1
"529675",529675,"33","9",3
"529688",529688,"2","1",1
"529753",529753,"81","21",0
"529782",529782,"2","1",1
"529794",529794,"17","5",2
"529879",529879,"39","10",3
"529887",529887,"78","19",0
"529995",529995,"38","10",3
"530036",530036,"76","21",0
"530133",530133,"82","21",0
"530150",530150,"27","7",2
"530169",530169,"73","19",0
"530196",530196,"81","21",0
"530377",530377,"56","8",2
"530383",530383,"26","7",2
"530388",530388,"72","19",0
"530419",530419,"22","6",2
"530450",530450,"71","18",0
"530530",530530,"41","11",3
"530572",530572,"14","4",1
"530633",530633,"16","4",1
"530654",530654,"29","8",2
"530666",530666,"69","19",0
"530842",530842,"9","3",1
"530897",530897,"79","20",0
"530944",530944,"5","2",1
"530950",530950,"69","19",0
"530998",530998,"12","3",1
"531078",531078,"21","6",2
"531137",531137,"12","3",1
"531154",531154,"37","10",3
"531203",531203,"67","18",0
"531272",531272,"53","14",4
"531285",531285,"7","2",1
"531311",531311,"69","19",0
"531316",531316,"19","5",2
"531418",531418,"4","1",1
"531420",531420,"70","18",0
"531463",531463,"48","12",3
"531468",531468,"17","5",2
"531479",531479,"72","19",0
"531516",531516,"35","9",3
"531522",531522,"73","19",0
"531554",531554,"19","5",2
"531567",531567,"39","10",3
"531577",531577,"79","14",4
"531597",531597,"70","18",0
"531603",531603,"12","3",1
"531682",531682,"48","12",3
"531695",531695,"78","19",0
"531790",531790,"75","20",0
"531937",531937,"69","19",0
"531985",531985,"36","9",3
"532024",532024,"34","9",3
"532035",532035,"7","2",1
"532095",532095,"82","21",0
"532220",532220,"37","10",3
"532239",532239,"68","18",0
"532261",532261,"82","21",0
"532267",532267,"40","10",3
"532273",532273,"7","2",1
"532280",532280,"47","12",3
"532302",532302,"49","13",4
"532322",532322,"40","10",3
"532331",532331,"10","3",1
"532471",532471,"44","11",3
"532616",532616,"44","11",3
"532701",532701,"52","13",4
"532715",532715,"45","12",3
"532736",532736,"24","6",2
"532782",532782,"1","1",1
"532795",532795,"71","18",0
"532828",532828,"23","6",2
"532834",532834,"41","11",3
"532839",532839,"15","4",1
"533152",533152,"27","7",2
"533290",533290,"31","8",2
"533366",533366,"70","14",4
"533422",533422,"40","10",3
"533582",533582,"77","21",0
"533645",533645,"25","7",2
"533737",533737,"37","10",3
"533766",533766,"7","2",1
"533796",533796,"38","10",3
"533857",533857,"28","7",2
"533892",533892,"44","11",3
"533977",533977,"48","12",3
"533990",533990,"76","21",0
"533992",533992,"75","20",0
"534029",534029,"74","20",0
"534036",534036,"80","20",0
"534146",534146,"20","5",2
"534182",534182,"6","2",1
"534210",534210,"47","12",3
"534226",534226,"81","21",0
"534276",534276,"68","18",0
"534287",534287,"75","20",0
"534327",534327,"29","8",2
"534333",534333,"18","5",2
"534367",534367,"23","6",2
"534389",534389,"5","2",1
"534465",534465,"15","4",1
"534469",534469,"67","18",0
"534488",534488,"36","9",3
"534495",534495,"55","12",3
"534500",534500,"73","19",0
"534504",534504,"77","21",0
"534510",534510,"8","2",1
"534540",534540,"32","8",2
"534575",534575,"8","2",1
"534579",534579,"25","7",2
"534584",534584,"1","1",1
"534618",534618,"14","4",1
"534795",534795,"15","4",1
"534801",534801,"70","18",0
"534807",534807,"78","19",0
"534860",534860,"72","19",0
"534866",534866,"80","20",0
"534873",534873,"46","12",3
"534882",534882,"42","11",3
"534934",534934,"31","8",2
"535015",535015,"34","9",3
"535021",535021,"16","4",1
"535026",535026,"20","5",2
"535101",535101,"21","6",2
"535112",535112,"5","2",1
"535191",535191,"6","2",1
"535202",535202,"29","8",2
"535356",535356,"30","8",2
"535415",535415,"26","7",2
"535502",535502,"11","3",1
"535564",535564,"72","19",0
"535594",535594,"34","9",3
"535691",535691,"69","19",0
"535817",535817,"47","12",3
"535822",535822,"50","13",4
"535888",535888,"24","6",2
"535903",535903,"67","18",0
"535920",535920,"20","5",2
"535925",535925,"45","12",3
"535952",535952,"48","12",3
"536028",536028,"31","8",2
"536105",536105,"3","1",1
"536113",536113,"42","11",3
"536211",536211,"6","2",1
"536222",536222,"18","5",2
"536290",536290,"40","10",3
"536301",536301,"4","1",1
"536314",536314,"69","19",0
"536384",536384,"5","2",1
"536390",536390,"27","7",2
"536496",536496,"13","4",1
"536572",536572,"72","19",0
"536693",536693,"81","21",0
"536705",536705,"2","1",1
"536719",536719,"82","21",0
"536725",536725,"70","18",0
"536996",536996,"70","18",0
"537003",537003,"18","5",2
"537011",537011,"56","8",2
"537108",537108,"71","18",0
"537117",537117,"25","7",2
"537250",537250,"22","6",2
"537344",537344,"53","14",4
"537392",537392,"79","20",0
"537405",537405,"73","19",0
"537423",537423,"2","1",1
"537536",537536,"73","19",0
"537553",537553,"71","18",0
"537616",537616,"21","6",2
"537627",537627,"35","9",3
"537632",537632,"29","8",2
"537645",537645,"68","18",0
"537652",537652,"67","18",0
"537856",537856,"26","7",2
"537993",537993,"70","18",0
"538000",538000,"68","18",0
"538118",538118,"67","18",0
"538134",538134,"18","5",2
"538146",538146,"51","13",4
"538258",538258,"80","20",0
"538279",538279,"69","19",0
"538286",538286,"10","3",1
"538361",538361,"55","12",3
"538367",538367,"31","8",2
"538402",538402,"1","1",1
"538408",538408,"3","1",1
"538420",538420,"44","11",3
"538443",538443,"33","9",3
"538450",538450,"38","10",3
"538457",538457,"8","2",1
"538475",538475,"22","6",2
"538493",538493,"23","14",4
"538524",538524,"5","2",1
"538526",538526,"72","19",0
"538637",538637,"2","1",1
"538685",538685,"13","4",1
"538693",538693,"34","9",3
"538708",538708,"15","4",1
"538733",538733,"16","4",1
"538739",538739,"25","7",2
"538749",538749,"42","11",3
"538754",538754,"37","10",3
"538761",538761,"39","10",3
"538777",538777,"25","7",2
"538795",538795,"27","7",2
"538802",538802,"33","9",3
"538820",538820,"82","21",0
"538826",538826,"72","19",0
"538838",538838,"11","3",1
"538847",538847,"48","12",3
"538859",538859,"24","6",2
"538986",538986,"6","2",1
"538992",538992,"3","14",4
"539011",539011,"18","5",2
"539039",539039,"11","3",1
"539051",539051,"43","11",3
"539081",539081,"76","21",0
"539113",539113,"37","10",3
"539125",539125,"7","2",1
"539155",539155,"32","14",4
"539187",539187,"76","21",0
"539204",539204,"69","19",0
"539209",539209,"71","18",0
"539219",539219,"10","3",1
"539240",539240,"13","14",4
"539242",539242,"12","3",1
"539402",539402,"74","20",0
"539432",539432,"41","11",3
"539567",539567,"8","2",1
"539722",539722,"31","8",2
"539797",539797,"41","11",3
"539850",539850,"15","4",1
"539866",539866,"22","6",2
"539923",539923,"80","20",0
"540026",540026,"44","11",3
"540032",540032,"36","9",3
"540046",540046,"14","4",1
"540073",540073,"52","13",4
"540154",540154,"1","1",1
"540178",540178,"75","20",0
"540227",540227,"40","10",3
"540298",540298,"33","9",3
"540304",540304,"37","10",3
"540322",540322,"10","3",1
"540348",540348,"77","21",0
"540363",540363,"14","4",1
"540395",540395,"12","3",1
"540405",540405,"32","14",4
"540417",540417,"16","4",1
"540443",540443,"80","20",0
"540454",540454,"9","3",1
"540459",540459,"44","11",3
"540465",540465,"82","21",0
"540474",540474,"50","13",4
"540480",540480,"73","19",0
"540492",540492,"40","10",3
"540701",540701,"28","7",2
"540707",540707,"51","13",4
"540722",540722,"75","20",0
"540728",540728,"80","20",0
"540734",540734,"44","11",3
"540746",540746,"50","13",4
"540753",540753,"43","11",3
"540759",540759,"50","13",4
"540765",540765,"11","3",1
"540771",540771,"44","11",3
"540777",540777,"23","6",2
"540854",540854,"51","13",4
"540875",540875,"10","3",1
"540954",540954,"20","5",2
"540961",540961,"14","4",1
"540973",540973,"7","2",1
"540979",540979,"82","21",0
"541003",541003,"82","21",0
"541027",541027,"78","19",0
"541080",541080,"37","10",3
"541100",541100,"22","6",2
"541109",541109,"79","20",0
"541121",541121,"82","21",0
"541134",541134,"6","2",1
"541140",541140,"10","3",1
"541161",541161,"4","1",1
"541212",541212,"6","2",1
"541219",541219,"13","4",1
"541270",541270,"42","11",3
"541282",541282,"21","6",2
"541312",541312,"15","4",1
"541372",541372,"43","11",3
"541384",541384,"51","13",4
"541391",541391,"38","10",3
"541409",541409,"52","13",4
"541518",541518,"27","7",2
"541524",541524,"26","7",2
"541530",541530,"5","14",4
"541536",541536,"35","9",3
"541662",541662,"17","5",2
"541687",541687,"19","5",2
"541694",541694,"36","9",3
"541700",541700,"48","12",3
"541729",541729,"8","2",1
"541759",541759,"5","2",1
"541765",541765,"19","5",2
"541771",541771,"74","20",0
"541808",541808,"74","20",0
"541819",541819,"82","21",0
"541825",541825,"37","10",3
"541837",541837,"16","4",1
"541861",541861,"40","10",3
"541869",541869,"10","3",1
"541881",541881,"26","7",2
"541887",541887,"75","20",0
"541894",541894,"18","5",2
"541907",541907,"43","11",3
"541919",541919,"6","2",1
"541960",541960,"9","3",1
"541984",541984,"1","1",1
"541993",541993,"18","5",2
"541999",541999,"77","21",0
"542115",542115,"4","1",1
"542125",542125,"78","19",0
"542143",542143,"41","11",3
"542149",542149,"31","8",2
"542204",542204,"1","14",4
"542210",542210,"55","12",3
"542219",542219,"34","9",3
"542231",542231,"77","21",0
"542237",542237,"8","2",1
"542260",542260,"47","12",3
"542266",542266,"25","7",2
"542278",542278,"26","7",2
"542284",542284,"42","11",3
"542290",542290,"40","10",3
"542325",542325,"48","12",3
"542385",542385,"18","5",2
"542391",542391,"34","9",3
"542428",542428,"80","20",0
"542443",542443,"25","7",2
"542520",542520,"34","9",3
"542527",542527,"79","20",0
"542564",542564,"27","7",2
"542570",542570,"35","9",3
"542621",542621,"45","12",3
"542649",542649,"23","6",2
"542684",542684,"31","8",2
"542696",542696,"74","20",0
"542702",542702,"23","6",2
"542878",542878,"46","12",3
"542898",542898,"30","14",4
"542909",542909,"29","8",2
"542916",542916,"45","12",3
"542961",542961,"36","9",3
"543009",543009,"1","1",1
"543021",543021,"46","12",3
"543074",543074,"23","6",2
"543086",543086,"52","13",4
"543092",543092,"17","5",2
"543129",543129,"11","3",1
"543175",543175,"13","4",1
"543216",543216,"52","13",4
"543222",543222,"51","13",4
"543248",543248,"50","13",4
"543323",543323,"42","11",3
"543343",543343,"7","2",1
"543356",543356,"52","13",4
"543362",543362,"7","2",1
"543369",543369,"32","8",2
"543384",543384,"42","11",3
"543390",543390,"11","3",1
"543417",543417,"47","12",3
"543445",543445,"16","4",1
"543517",543517,"81","14",4
"543525",543525,"39","10",3
"543531",543531,"81","21",0
"543764",543764,"36","9",3
"543812",543812,"15","4",1
"543836",543836,"78","19",0
"543848",543848,"74","20",0
"543866",543866,"23","6",2
"543872",543872,"13","14",4
"543878",543878,"28","7",2
"543912",543912,"33","9",3
"543918",543918,"23","6",2
"543937",543937,"2","1",1
"543987",543987,"11","3",1
"544017",544017,"12","3",1
"544023",544023,"27","7",2
"544041",544041,"24","6",2
"544047",544047,"3","1",1
"544059",544059,"78","19",0
"544073",544073,"26","7",2
"544164",544164,"12","3",1
"544194",544194,"31","8",2
"544269",544269,"30","8",2
"544293",544293,"6","2",1
"544324",544324,"3","1",1
"544331",544331,"78","19",0
"544337",544337,"4","1",1
"544359",544359,"8","2",1
"544401",544401,"10","3",1
"544422",544422,"29","8",2
"544440",544440,"45","12",3
"544449",544449,"1","14",4
"544461",544461,"35","9",3
"544467",544467,"21","6",2
"544486",544486,"48","12",3
"544552",544552,"43","11",3
"544576",544576,"24","6",2
"544707",544707,"29","8",2
"544725",544725,"15","4",1
"544817",544817,"73","19",0
"544837",544837,"30","8",2
"544843",544843,"50","13",4
"544850",544850,"77","21",0
"544874",544874,"25","7",2
"544899",544899,"9","3",1
"544917",544917,"14","4",1
"544983",544983,"2","1",1
"545021",545021,"5","2",1
"545071",545071,"8","2",1
"545077",545077,"36","9",3
"545120",545120,"73","19",0
"545127",545127,"73","19",0
"545151",545151,"31","8",2
"545182",545182,"8","2",1
"545340",545340,"81","21",0
"545346",545346,"53","14",4
"545359",545359,"49","13",4
"545385",545385,"4","1",1
"545417",545417,"39","10",3
"545446",545446,"76","21",0
"545492",545492,"77","21",0
"545559",545559,"78","19",0
"545653",545653,"24","6",2
"545797",545797,"75","20",0
"545853",545853,"75","20",0
"545865",545865,"81","21",0
"545871",545871,"74","20",0
"545901",545901,"42","11",3
"546036",546036,"25","7",2
"546049",546049,"49","13",4
"546088",546088,"81","21",0
"546104",546104,"15","4",1
"546186",546186,"13","4",1
"546192",546192,"78","19",0
"546269",546269,"28","7",2
"546459",546459,"46","12",3
"546497",546497,"27","7",2
"546599",546599,"27","7",2
"546627",546627,"9","3",1
"546666",546666,"31","8",2
"546744",546744,"7","2",1
"546768",546768,"9","3",1
"546774",546774,"80","20",0
"546788",546788,"7","2",1
"546845",546845,"51","13",4
"546858",546858,"25","7",2
"546895",546895,"53","14",4
"546921",546921,"2","1",1
"546983",546983,"53","14",4
"547004",547004,"3","1",1
"547034",547034,"43","11",3
"547041",547041,"17","5",2
"547053",547053,"80","20",0
"547071",547071,"35","9",3
"547096",547096,"12","3",1
"547109",547109,"28","7",2
"547136",547136,"22","6",2
"547148",547148,"6","2",1
"547154",547154,"19","5",2
"547204",547204,"10","3",1
"547250",547250,"73","19",0
"547326",547326,"20","5",2
"547375",547375,"33","9",3
"547386",547386,"47","12",3
"547392",547392,"7","2",1
"547511",547511,"28","7",2
"547563",547563,"40","10",3
"547611",547611,"37","10",3
"547660",547660,"4","1",1
"547776",547776,"13","4",1
"547788",547788,"15","4",1
"547800",547800,"19","5",2
"547806",547806,"4","1",1
"547836",547836,"41","11",3
"547872",547872,"39","10",3
"547890",547890,"21","6",2
"548036",548036,"52","13",4
"548091",548091,"7","2",1
"548106",548106,"17","5",2
"548126",548126,"6","2",1
"548201",548201,"6","2",1
"548207",548207,"38","10",3
"548219",548219,"30","8",2
"548225",548225,"35","9",3
"548291",548291,"37","10",3
"548348",548348,"77","21",0
"548429",548429,"18","5",2
"548479",548479,"10","14",4
"548486",548486,"76","21",0
"548493",548493,"76","21",0
"548561",548561,"2","1",1
"548654",548654,"18","5",2
"548725",548725,"14","4",1
"548744",548744,"80","20",0
"548750",548750,"75","20",0
"548818",548818,"25","7",2
"548847",548847,"26","7",2
"548863",548863,"6","2",1
"548893",548893,"8","2",1
"548935",548935,"34","9",3
"548941",548941,"17","5",2
"548998",548998,"76","21",0
"549030",549030,"5","2",1
"549054",549054,"48","12",3
"549152",549152,"26","7",2
"549159",549159,"26","7",2
"549165",549165,"76","21",0
"549171",549171,"11","3",1
"549235",549235,"80","20",0
"549247",549247,"43","11",3
"549256",549256,"82","14",4
"549275",549275,"29","8",2
"549329",549329,"5","14",4
"549342",549342,"41","11",3
"549358",549358,"22","6",2
"549378",549378,"75","20",0
"549384",549384,"44","11",3
"549390",549390,"11","3",1
"549437",549437,"76","21",0
"549514",549514,"82","21",0
"549595",549595,"8","2",1
"549657",549657,"42","11",3
"549671",549671,"21","6",2
"549687",549687,"11","3",1
"549711",549711,"39","10",3
"549723",549723,"57","4",1
"549748",549748,"53","14",4
"549800",549800,"17","5",2
"549836",549836,"38","10",3
"549885",549885,"15","4",1
"549892",549892,"4","1",1
"549898",549898,"47","12",3
"549908",549908,"81","21",0
"549914",549914,"19","5",2
"549926",549926,"79","20",0
"549938",549938,"53","14",4
"549946",549946,"79","20",0
"549999",549999,"3","1",1
"550005",550005,"1","14",4
"550071",550071,"27","7",2
"550083",550083,"4","1",1
"550114",550114,"21","6",2
"550144",550144,"77","21",0
"550163",550163,"50","13",4
"550175",550175,"36","9",3
"550193",550193,"34","9",3
"550211",550211,"79","14",4
"550232",550232,"79","14",4
"550281",550281,"45","12",3
"550383",550383,"10","3",1
"550462",550462,"20","5",2
"550517",550517,"16","4",1
"550606",550606,"53","14",4
"550635",550635,"40","10",3
"550643",550643,"80","20",0
"550673",550673,"45","12",3
"550679",550679,"51","13",4
"550723",550723,"79","20",0
"550822",550822,"39","10",3
"550850",550850,"77","21",0
"550865",550865,"3","1",1
"550916",550916,"27","7",2
"550988",550988,"76","21",0
"551001",551001,"20","5",2
"551022",551022,"11","3",1
"551051",551051,"38","10",3
"551088",551088,"35","9",3
"551112",551112,"32","8",2
"551118",551118,"27","7",2
"551143",551143,"32","8",2
"551160",551160,"21","6",2
"551168",551168,"38","10",3
"551243",551243,"64","17",5
"551266",551266,"14","4",1
"551294",551294,"51","13",4
"551341",551341,"1","1",1
"551421",551421,"58","15",5
"551450",551450,"20","5",2
